0 verbose cli /data/data/com.termux/files/usr/bin/node /data/data/com.termux/files/usr/bin/npm
1 info using npm@11.17.0
2 info using node@v26.3.1
3 silly config load:file:/data/data/com.termux/files/usr/lib/node_modules/npm/npmrc
4 silly config load:file:/data/data/com.termux/files/home/.npmrc
5 silly config load:file:/data/data/com.termux/files/usr/etc/npmrc
6 verbose title npm install @githubnext/github-copilot-cli
7 verbose argv "install" "--global" "@githubnext/github-copilot-cli"
8 verbose logfile logs-max:10 dir:/data/data/com.termux/files/home/.npm/_logs/2026-07-29T00_00_11_859Z-
9 verbose logfile /data/data/com.termux/files/home/.npm/_logs/2026-07-29T00_00_11_859Z-debug-0.log
10 silly packumentCache heap:1174405120 maxSize:293601280 maxEntrySize:146800640
11 silly logfile done cleaning log files
12 silly idealTree buildDeps
13 silly fetch manifest @githubnext/github-copilot-cli@*
14 silly packumentCache full:https://registry.npmjs.org/@githubnext%2fgithub-copilot-cli cache-miss
15 http fetch GET 200 https://registry.npmjs.org/npm 1253ms
16 http fetch GET 200 https://registry.npmjs.org/@githubnext%2fgithub-copilot-cli 1417ms (cache miss)
17 silly packumentCache full:https://registry.npmjs.org/@githubnext%2fgithub-copilot-cli set size:undefined disposed:false
18 silly placeDep ROOT @githubnext/github-copilot-cli@0.1.36 OK for:  want: *
19 silly fetch manifest ink@^3.2.0
20 silly packumentCache full:https://registry.npmjs.org/ink cache-miss
21 silly fetch manifest ora@^6.1.2
22 silly packumentCache full:https://registry.npmjs.org/ora cache-miss
23 silly fetch manifest uuid@^9.0.0
24 silly packumentCache full:https://registry.npmjs.org/uuid cache-miss
25 silly fetch manifest axios@^1.6.0
26 silly packumentCache full:https://registry.npmjs.org/axios cache-miss
27 silly fetch manifest chalk@^5.1.0
28 silly packumentCache full:https://registry.npmjs.org/chalk cache-miss
29 silly fetch manifest immer@^9.0.16
30 silly packumentCache full:https://registry.npmjs.org/immer cache-miss
31 silly fetch manifest react@17
32 silly packumentCache full:https://registry.npmjs.org/react cache-miss
33 http fetch GET 200 https://registry.npmjs.org/chalk 346ms (cache miss)
34 silly packumentCache full:https://registry.npmjs.org/chalk set size:undefined disposed:false
35 silly fetch manifest marked@^4.2.12
36 silly packumentCache full:https://registry.npmjs.org/marked cache-miss
37 http fetch GET 200 https://registry.npmjs.org/uuid 392ms (cache miss)
38 silly packumentCache full:https://registry.npmjs.org/uuid set size:undefined disposed:false
39 silly fetch manifest radash@^9.1.0
40 silly packumentCache full:https://registry.npmjs.org/radash cache-miss
41 http fetch GET 200 https://registry.npmjs.org/ora 510ms (cache miss)
42 silly packumentCache full:https://registry.npmjs.org/ora set size:undefined disposed:false
43 silly fetch manifest semver@^5.7.2
44 silly packumentCache full:https://registry.npmjs.org/semver cache-miss
45 http fetch GET 200 https://registry.npmjs.org/ink 606ms (cache miss)
46 silly packumentCache full:https://registry.npmjs.org/ink set size:undefined disposed:false
47 silly fetch manifest zustand@^4.1.4
48 silly packumentCache full:https://registry.npmjs.org/zustand cache-miss
49 http fetch GET 200 https://registry.npmjs.org/semver 198ms (cache miss)
50 silly packumentCache full:https://registry.npmjs.org/semver set size:undefined disposed:false
51 silly fetch manifest inquirer@^9.1.4
52 silly packumentCache full:https://registry.npmjs.org/inquirer cache-miss
53 http fetch GET 200 https://registry.npmjs.org/axios 855ms (cache miss)
54 silly packumentCache full:https://registry.npmjs.org/axios set size:undefined disposed:false
55 silly fetch manifest commander@^9.4.1
56 silly packumentCache full:https://registry.npmjs.org/commander cache-miss
57 http fetch GET 200 https://registry.npmjs.org/immer 938ms (cache miss)
58 silly packumentCache full:https://registry.npmjs.org/immer set size:undefined disposed:false
59 silly fetch manifest react-dom@17
60 silly packumentCache full:https://registry.npmjs.org/react-dom cache-miss
61 http fetch GET 200 https://registry.npmjs.org/radash 678ms (cache miss)
62 silly packumentCache full:https://registry.npmjs.org/radash set size:undefined disposed:false
63 silly fetch manifest ts-dedent@^2.2.0
64 silly packumentCache full:https://registry.npmjs.org/ts-dedent cache-miss
65 http fetch GET 200 https://registry.npmjs.org/marked 786ms (cache miss)
66 silly packumentCache full:https://registry.npmjs.org/marked set size:undefined disposed:false
67 silly fetch manifest get-stream@^6.0.1
68 silly packumentCache full:https://registry.npmjs.org/get-stream cache-miss
69 http fetch GET 200 https://registry.npmjs.org/commander 310ms (cache miss)
70 silly packumentCache full:https://registry.npmjs.org/commander set size:undefined disposed:false
71 silly fetch manifest ink-divider@^3.0.0
72 silly packumentCache full:https://registry.npmjs.org/ink-divider cache-miss
73 http fetch GET 200 https://registry.npmjs.org/zustand 631ms (cache miss)
74 silly packumentCache full:https://registry.npmjs.org/zustand set size:undefined disposed:false
75 silly fetch manifest ink-spinner@^4.0.3
76 silly packumentCache full:https://registry.npmjs.org/ink-spinner cache-miss
77 http fetch GET 200 https://registry.npmjs.org/inquirer 594ms (cache miss)
78 silly packumentCache full:https://registry.npmjs.org/inquirer set size:undefined disposed:false
79 silly fetch manifest react-query@^3.39.2
80 silly packumentCache full:https://registry.npmjs.org/react-query cache-miss
81 http fetch GET 200 https://registry.npmjs.org/ts-dedent 412ms (cache miss)
82 silly packumentCache full:https://registry.npmjs.org/ts-dedent set size:undefined disposed:false
83 silly fetch manifest use-zustand@^0.0.1
84 silly packumentCache full:https://registry.npmjs.org/use-zustand cache-miss
85 http fetch GET 200 https://registry.npmjs.org/get-stream 403ms (cache miss)
86 silly packumentCache full:https://registry.npmjs.org/get-stream set size:undefined disposed:false
87 silly fetch manifest tough-cookie@^4.1.3
88 silly packumentCache full:https://registry.npmjs.org/tough-cookie cache-miss
89 http fetch GET 200 https://registry.npmjs.org/ink-divider 449ms (cache miss)
90 silly packumentCache full:https://registry.npmjs.org/ink-divider set size:undefined disposed:false
91 silly fetch manifest cli-highlight@^2.1.11
92 silly packumentCache full:https://registry.npmjs.org/cli-highlight cache-miss
93 http fetch GET 200 https://registry.npmjs.org/tough-cookie 105ms (cache miss)
94 silly packumentCache full:https://registry.npmjs.org/tough-cookie set size:undefined disposed:false
95 silly fetch manifest ink-text-input@^4.0.3
96 silly packumentCache full:https://registry.npmjs.org/ink-text-input cache-miss
97 http fetch GET 200 https://registry.npmjs.org/ink-spinner 449ms (cache miss)
98 silly packumentCache full:https://registry.npmjs.org/ink-spinner set size:undefined disposed:false
99 silly fetch manifest tiny-invariant@^1.3.1
100 silly packumentCache full:https://registry.npmjs.org/tiny-invariant cache-miss
101 http fetch GET 200 https://registry.npmjs.org/react 1785ms (cache miss)
102 silly packumentCache full:https://registry.npmjs.org/react set size:undefined disposed:false
103 silly fetch manifest marked-terminal@^5.1.1
104 silly packumentCache full:https://registry.npmjs.org/marked-terminal cache-miss
105 http fetch GET 200 https://registry.npmjs.org/use-zustand 725ms (cache miss)
106 silly packumentCache full:https://registry.npmjs.org/use-zustand set size:undefined disposed:false
107 silly fetch manifest ink-select-input@^4.2.1
108 silly packumentCache full:https://registry.npmjs.org/ink-select-input cache-miss
109 http fetch GET 200 https://registry.npmjs.org/cli-highlight 564ms (cache miss)
110 silly packumentCache full:https://registry.npmjs.org/cli-highlight set size:undefined disposed:false
111 silly fetch manifest applicationinsights@^2.9.1
112 silly packumentCache full:https://registry.npmjs.org/applicationinsights cache-miss
113 http fetch GET 200 https://registry.npmjs.org/ink-text-input 561ms (cache miss)
114 silly packumentCache full:https://registry.npmjs.org/ink-text-input set size:undefined disposed:false
115 silly fetch manifest react-devtools-core@^4.28.4
116 silly packumentCache full:https://registry.npmjs.org/react-devtools-core cache-miss
117 http fetch GET 200 https://registry.npmjs.org/tiny-invariant 541ms (cache miss)
118 silly packumentCache full:https://registry.npmjs.org/tiny-invariant set size:undefined disposed:false
119 silly fetch manifest simple-update-notifier@^1.1.0
120 silly packumentCache full:https://registry.npmjs.org/simple-update-notifier cache-miss
121 http fetch GET 200 https://registry.npmjs.org/react-devtools-core 106ms (cache miss)
122 silly packumentCache full:https://registry.npmjs.org/react-devtools-core set size:undefined disposed:false
123 http fetch GET 200 https://registry.npmjs.org/marked-terminal 449ms (cache miss)
124 silly packumentCache full:https://registry.npmjs.org/marked-terminal set size:undefined disposed:false
125 http fetch GET 200 https://registry.npmjs.org/ink-select-input 446ms (cache miss)
126 silly packumentCache full:https://registry.npmjs.org/ink-select-input set size:undefined disposed:false
127 http fetch GET 200 https://registry.npmjs.org/simple-update-notifier 437ms (cache miss)
128 silly packumentCache full:https://registry.npmjs.org/simple-update-notifier set size:undefined disposed:false
129 http fetch GET 200 https://registry.npmjs.org/applicationinsights 502ms (cache miss)
130 silly packumentCache full:https://registry.npmjs.org/applicationinsights set size:undefined disposed:false
131 http fetch GET 200 https://registry.npmjs.org/react-query 1519ms (cache miss)
132 silly packumentCache full:https://registry.npmjs.org/react-query set size:undefined disposed:false
133 http fetch GET 200 https://registry.npmjs.org/react-dom 2063ms (cache miss)
134 silly packumentCache full:https://registry.npmjs.org/react-dom set size:undefined disposed:false
135 silly fetch manifest @types/react@>=16.8.0
136 silly packumentCache full:https://registry.npmjs.org/@types%2freact cache-miss
137 http fetch GET 200 https://registry.npmjs.org/@types%2freact 1010ms (cache miss)
138 silly packumentCache full:https://registry.npmjs.org/@types%2freact set size:undefined disposed:false
139 silly fetch manifest @types/react@>=16.8
140 silly packumentCache full:https://registry.npmjs.org/@types%2freact cache-miss
141 http cache https://registry.npmjs.org/@types%2freact 79ms (cache hit)
142 silly packumentCache full:https://registry.npmjs.org/@types%2freact set size:2632776 disposed:false
143 silly fetch manifest applicationinsights-native-metrics@*
144 silly packumentCache full:https://registry.npmjs.org/applicationinsights-native-metrics cache-miss
145 http fetch GET 200 https://registry.npmjs.org/applicationinsights-native-metrics 432ms (cache miss)
146 silly packumentCache full:https://registry.npmjs.org/applicationinsights-native-metrics set size:undefined disposed:false
147 silly placeDep node_modules/@githubnext/github-copilot-cli applicationinsights@2.9.8 OK for: @githubnext/github-copilot-cli@0.1.36 want: ^2.9.1
148 silly placeDep node_modules/@githubnext/github-copilot-cli axios@1.18.1 OK for: @githubnext/github-copilot-cli@0.1.36 want: ^1.6.0
149 silly placeDep node_modules/@githubnext/github-copilot-cli chalk@5.6.2 OK for: @githubnext/github-copilot-cli@0.1.36 want: ^5.1.0
150 silly placeDep node_modules/@githubnext/github-copilot-cli cli-highlight@2.1.11 OK for: @githubnext/github-copilot-cli@0.1.36 want: ^2.1.11
151 silly placeDep node_modules/@githubnext/github-copilot-cli commander@9.5.0 OK for: @githubnext/github-copilot-cli@0.1.36 want: ^9.4.1
152 silly placeDep node_modules/@githubnext/github-copilot-cli get-stream@6.0.1 OK for: @githubnext/github-copilot-cli@0.1.36 want: ^6.0.1
153 silly placeDep node_modules/@githubnext/github-copilot-cli immer@9.0.21 OK for: @githubnext/github-copilot-cli@0.1.36 want: ^9.0.16
154 silly placeDep node_modules/@githubnext/github-copilot-cli ink@3.2.0 OK for: @githubnext/github-copilot-cli@0.1.36 want: ^3.2.0
155 silly placeDep node_modules/@githubnext/github-copilot-cli react@17.0.2 OK for: ink@3.2.0 want: >=16.8.0
156 silly placeDep node_modules/@githubnext/github-copilot-cli ink-divider@3.0.0 OK for: @githubnext/github-copilot-cli@0.1.36 want: ^3.0.0
157 silly placeDep node_modules/@githubnext/github-copilot-cli ink-select-input@4.2.2 OK for: @githubnext/github-copilot-cli@0.1.36 want: ^4.2.1
158 silly placeDep node_modules/@githubnext/github-copilot-cli ink-spinner@4.0.3 OK for: @githubnext/github-copilot-cli@0.1.36 want: ^4.0.3
159 silly placeDep node_modules/@githubnext/github-copilot-cli ink-text-input@4.0.3 OK for: @githubnext/github-copilot-cli@0.1.36 want: ^4.0.3
160 silly placeDep node_modules/@githubnext/github-copilot-cli inquirer@9.3.8 OK for: @githubnext/github-copilot-cli@0.1.36 want: ^9.1.4
161 silly placeDep node_modules/@githubnext/github-copilot-cli marked@4.3.0 OK for: @githubnext/github-copilot-cli@0.1.36 want: ^4.2.12
162 silly placeDep node_modules/@githubnext/github-copilot-cli marked-terminal@5.2.0 OK for: @githubnext/github-copilot-cli@0.1.36 want: ^5.1.1
163 silly placeDep node_modules/@githubnext/github-copilot-cli ora@6.3.1 OK for: @githubnext/github-copilot-cli@0.1.36 want: ^6.1.2
164 silly placeDep node_modules/@githubnext/github-copilot-cli radash@9.5.0 OK for: @githubnext/github-copilot-cli@0.1.36 want: ^9.1.0
165 silly placeDep node_modules/@githubnext/github-copilot-cli react-devtools-core@4.28.5 OK for: @githubnext/github-copilot-cli@0.1.36 want: ^4.28.4
166 silly placeDep node_modules/@githubnext/github-copilot-cli react-dom@17.0.2 OK for: @githubnext/github-copilot-cli@0.1.36 want: 17
167 silly placeDep node_modules/@githubnext/github-copilot-cli react-query@3.39.3 OK for: @githubnext/github-copilot-cli@0.1.36 want: ^3.39.2
168 silly placeDep node_modules/@githubnext/github-copilot-cli semver@5.7.2 OK for: @githubnext/github-copilot-cli@0.1.36 want: ^5.7.2
169 silly placeDep node_modules/@githubnext/github-copilot-cli simple-update-notifier@1.1.0 OK for: @githubnext/github-copilot-cli@0.1.36 want: ^1.1.0
170 silly placeDep node_modules/@githubnext/github-copilot-cli tiny-invariant@1.3.3 OK for: @githubnext/github-copilot-cli@0.1.36 want: ^1.3.1
171 silly placeDep node_modules/@githubnext/github-copilot-cli tough-cookie@4.1.4 OK for: @githubnext/github-copilot-cli@0.1.36 want: ^4.1.3
172 silly placeDep node_modules/@githubnext/github-copilot-cli ts-dedent@2.3.0 OK for: @githubnext/github-copilot-cli@0.1.36 want: ^2.2.0
173 silly placeDep node_modules/@githubnext/github-copilot-cli use-zustand@0.0.1 OK for: @githubnext/github-copilot-cli@0.1.36 want: ^0.0.1
174 silly placeDep node_modules/@githubnext/github-copilot-cli uuid@9.0.1 OK for: @githubnext/github-copilot-cli@0.1.36 want: ^9.0.0
175 silly placeDep node_modules/@githubnext/github-copilot-cli zustand@4.5.7 OK for: @githubnext/github-copilot-cli@0.1.36 want: ^4.1.4
176 silly fetch manifest cls-hooked@^4.2.2
177 silly packumentCache full:https://registry.npmjs.org/cls-hooked cache-miss
178 silly fetch manifest @azure/core-auth@1.7.2
179 silly packumentCache full:https://registry.npmjs.org/@azure%2fcore-auth cache-miss
180 silly fetch manifest @opentelemetry/api@^1.7.0
181 silly packumentCache full:https://registry.npmjs.org/@opentelemetry%2fapi cache-miss
182 silly fetch manifest diagnostic-channel@1.1.1
183 silly packumentCache full:https://registry.npmjs.org/diagnostic-channel cache-miss
184 silly fetch manifest @opentelemetry/core@^1.19.0
185 silly packumentCache full:https://registry.npmjs.org/@opentelemetry%2fcore cache-miss
186 silly fetch manifest @azure/core-rest-pipeline@1.16.3
187 silly packumentCache full:https://registry.npmjs.org/@azure%2fcore-rest-pipeline cache-miss
188 silly fetch manifest continuation-local-storage@^3.2.1
189 silly packumentCache full:https://registry.npmjs.org/continuation-local-storage cache-miss
190 http fetch GET 200 https://registry.npmjs.org/diagnostic-channel 537ms (cache miss)
191 silly packumentCache full:https://registry.npmjs.org/diagnostic-channel set size:undefined disposed:false
192 silly fetch manifest @opentelemetry/sdk-trace-base@^1.19.0
193 silly packumentCache full:https://registry.npmjs.org/@opentelemetry%2fsdk-trace-base cache-miss
194 http fetch GET 200 https://registry.npmjs.org/cls-hooked 561ms (cache miss)
195 silly packumentCache full:https://registry.npmjs.org/cls-hooked set size:undefined disposed:false
196 silly fetch manifest diagnostic-channel-publishers@1.0.8
197 silly packumentCache full:https://registry.npmjs.org/diagnostic-channel-publishers cache-miss
198 http fetch GET 200 https://registry.npmjs.org/continuation-local-storage 567ms (cache miss)
199 silly packumentCache full:https://registry.npmjs.org/continuation-local-storage set size:undefined disposed:false
200 silly fetch manifest @opentelemetry/semantic-conventions@^1.19.0
201 silly packumentCache full:https://registry.npmjs.org/@opentelemetry%2fsemantic-conventions cache-miss
202 http fetch GET 200 https://registry.npmjs.org/@opentelemetry%2fapi 965ms (cache miss)
203 silly packumentCache full:https://registry.npmjs.org/@opentelemetry%2fapi set size:undefined disposed:false
204 silly fetch manifest @microsoft/applicationinsights-web-snippet@1.0.1
205 silly packumentCache full:https://registry.npmjs.org/@microsoft%2fapplicationinsights-web-snippet cache-miss
206 http fetch GET 200 https://registry.npmjs.org/@opentelemetry%2fcore 1057ms (cache miss)
207 silly packumentCache full:https://registry.npmjs.org/@opentelemetry%2fcore set size:undefined disposed:false
208 silly fetch manifest @azure/opentelemetry-instrumentation-azure-sdk@^1.0.0-beta.5
209 silly packumentCache full:https://registry.npmjs.org/@azure%2fopentelemetry-instrumentation-azure-sdk cache-miss
210 http fetch GET 200 https://registry.npmjs.org/diagnostic-channel-publishers 565ms (cache miss)
211 silly packumentCache full:https://registry.npmjs.org/diagnostic-channel-publishers set size:undefined disposed:false
212 silly fetch manifest form-data@^4.0.5
213 silly packumentCache full:https://registry.npmjs.org/form-data cache-miss
214 http fetch GET 200 https://registry.npmjs.org/@azure%2fcore-auth 1229ms (cache miss)
215 silly packumentCache full:https://registry.npmjs.org/@azure%2fcore-auth set size:undefined disposed:false
216 silly fetch manifest proxy-from-env@^2.1.0
217 silly packumentCache full:https://registry.npmjs.org/proxy-from-env cache-miss
218 http fetch GET 200 https://registry.npmjs.org/@azure%2fcore-rest-pipeline 1335ms (cache miss)
219 silly packumentCache full:https://registry.npmjs.org/@azure%2fcore-rest-pipeline set size:undefined disposed:false
220 silly fetch manifest follow-redirects@^1.16.0
221 silly packumentCache full:https://registry.npmjs.org/follow-redirects cache-miss
222 http fetch GET 200 https://registry.npmjs.org/@opentelemetry%2fsdk-trace-base 960ms (cache miss)
223 silly packumentCache full:https://registry.npmjs.org/@opentelemetry%2fsdk-trace-base set size:undefined disposed:false
224 silly fetch manifest https-proxy-agent@^5.0.1
225 silly packumentCache full:https://registry.npmjs.org/https-proxy-agent cache-miss
226 http fetch GET 200 https://registry.npmjs.org/@opentelemetry%2fsemantic-conventions 956ms (cache miss)
227 silly packumentCache full:https://registry.npmjs.org/@opentelemetry%2fsemantic-conventions set size:undefined disposed:false
228 silly fetch manifest chalk@^4.0.0
229 silly packumentCache full:https://registry.npmjs.org/chalk cache-miss
230 http cache https://registry.npmjs.org/chalk 41ms (cache hit)
231 silly packumentCache full:https://registry.npmjs.org/chalk set size:134775 disposed:false
232 silly fetch manifest highlight.js@^10.7.1
233 silly packumentCache full:https://registry.npmjs.org/highlight.js cache-miss
234 http fetch GET 200 https://registry.npmjs.org/form-data 482ms (cache miss)
235 silly packumentCache full:https://registry.npmjs.org/form-data set size:undefined disposed:false
236 silly fetch manifest mz@^2.4.0
237 silly packumentCache full:https://registry.npmjs.org/mz cache-miss
238 http fetch GET 200 https://registry.npmjs.org/https-proxy-agent 135ms (cache miss)
239 silly packumentCache full:https://registry.npmjs.org/https-proxy-agent set size:undefined disposed:false
240 silly fetch manifest parse5@^5.1.1
241 silly packumentCache full:https://registry.npmjs.org/parse5 cache-miss
242 http fetch GET 200 https://registry.npmjs.org/proxy-from-env 398ms (cache miss)
243 silly packumentCache full:https://registry.npmjs.org/proxy-from-env set size:undefined disposed:false
244 silly fetch manifest parse5-htmlparser2-tree-adapter@^6.0.0
245 silly packumentCache full:https://registry.npmjs.org/parse5-htmlparser2-tree-adapter cache-miss
246 http fetch GET 200 https://registry.npmjs.org/parse5 62ms (cache miss)
247 silly packumentCache full:https://registry.npmjs.org/parse5 set size:undefined disposed:false
248 silly fetch manifest yargs@^16.0.0
249 silly packumentCache full:https://registry.npmjs.org/yargs cache-miss
250 http fetch GET 200 https://registry.npmjs.org/@microsoft%2fapplicationinsights-web-snippet 809ms (cache miss)
251 silly packumentCache full:https://registry.npmjs.org/@microsoft%2fapplicationinsights-web-snippet set size:undefined disposed:false
252 silly fetch manifest ws@^7.5.5
253 silly packumentCache full:https://registry.npmjs.org/ws cache-miss
254 http fetch GET 200 https://registry.npmjs.org/follow-redirects 419ms (cache miss)
255 silly packumentCache full:https://registry.npmjs.org/follow-redirects set size:undefined disposed:false
256 silly fetch manifest chalk@^4.1.0
257 silly packumentCache full:https://registry.npmjs.org/chalk cache-hit
258 silly fetch manifest is-ci@^2.0.0
259 silly packumentCache full:https://registry.npmjs.org/is-ci cache-miss
260 http fetch GET 200 https://registry.npmjs.org/mz 411ms (cache miss)
261 silly packumentCache full:https://registry.npmjs.org/mz set size:undefined disposed:false
262 silly fetch manifest lodash@^4.17.20
263 silly packumentCache full:https://registry.npmjs.org/lodash cache-miss
264 http fetch GET 200 https://registry.npmjs.org/parse5-htmlparser2-tree-adapter 402ms (cache miss)
265 silly packumentCache full:https://registry.npmjs.org/parse5-htmlparser2-tree-adapter set size:undefined disposed:false
266 silly fetch manifest auto-bind@4.0.0
267 silly packumentCache full:https://registry.npmjs.org/auto-bind cache-miss
268 http fetch GET 200 https://registry.npmjs.org/highlight.js 517ms (cache miss)
269 silly packumentCache full:https://registry.npmjs.org/highlight.js set size:undefined disposed:false
270 silly fetch manifest cli-boxes@^2.2.0
271 silly packumentCache full:https://registry.npmjs.org/cli-boxes cache-miss
272 http fetch GET 200 https://registry.npmjs.org/ws 474ms (cache miss)
273 silly packumentCache full:https://registry.npmjs.org/ws set size:undefined disposed:false
274 silly fetch manifest scheduler@^0.20.2
275 silly packumentCache full:https://registry.npmjs.org/scheduler cache-miss
276 http fetch GET 200 https://registry.npmjs.org/yargs 577ms (cache miss)
277 silly packumentCache full:https://registry.npmjs.org/yargs set size:undefined disposed:false
278 silly fetch manifest type-fest@^0.12.0
279 silly packumentCache full:https://registry.npmjs.org/type-fest cache-miss
280 http fetch GET 200 https://registry.npmjs.org/is-ci 495ms (cache miss)
281 silly packumentCache full:https://registry.npmjs.org/is-ci set size:undefined disposed:false
282 silly fetch manifest wrap-ansi@^6.2.0
283 silly packumentCache full:https://registry.npmjs.org/wrap-ansi cache-miss
284 http fetch GET 200 https://registry.npmjs.org/lodash 405ms (cache miss)
285 silly packumentCache full:https://registry.npmjs.org/lodash set size:undefined disposed:false
286 silly fetch manifest cli-cursor@^3.1.0
287 silly packumentCache full:https://registry.npmjs.org/cli-cursor cache-miss
288 http fetch GET 200 https://registry.npmjs.org/auto-bind 416ms (cache miss)
289 silly packumentCache full:https://registry.npmjs.org/auto-bind set size:undefined disposed:false
290 silly fetch manifest slice-ansi@^3.0.0
291 silly packumentCache full:https://registry.npmjs.org/slice-ansi cache-miss
292 http fetch GET 200 https://registry.npmjs.org/cli-cursor 62ms (cache miss)
293 silly packumentCache full:https://registry.npmjs.org/cli-cursor set size:undefined disposed:false
294 silly fetch manifest signal-exit@^3.0.2
295 silly packumentCache full:https://registry.npmjs.org/signal-exit cache-miss
296 http fetch GET 200 https://registry.npmjs.org/signal-exit 56ms (cache miss)
297 silly packumentCache full:https://registry.npmjs.org/signal-exit set size:undefined disposed:false
298 silly fetch manifest stack-utils@^2.0.2
299 silly packumentCache full:https://registry.npmjs.org/stack-utils cache-miss
300 http fetch GET 200 https://registry.npmjs.org/cli-boxes 436ms (cache miss)
301 silly packumentCache full:https://registry.npmjs.org/cli-boxes set size:undefined disposed:false
302 silly fetch manifest widest-line@^3.1.0
303 silly packumentCache full:https://registry.npmjs.org/widest-line cache-miss
304 http fetch GET 200 https://registry.npmjs.org/stack-utils 77ms (cache miss)
305 silly packumentCache full:https://registry.npmjs.org/stack-utils set size:undefined disposed:false
306 silly fetch manifest ansi-escapes@^4.2.1
307 silly packumentCache full:https://registry.npmjs.org/ansi-escapes cache-miss
308 http fetch GET 200 https://registry.npmjs.org/wrap-ansi 426ms (cache miss)
309 silly packumentCache full:https://registry.npmjs.org/wrap-ansi set size:undefined disposed:false
310 silly fetch manifest cli-truncate@^2.1.0
311 silly packumentCache full:https://registry.npmjs.org/cli-truncate cache-miss
312 http fetch GET 200 https://registry.npmjs.org/type-fest 561ms (cache miss)
313 silly packumentCache full:https://registry.npmjs.org/type-fest set size:undefined disposed:false
314 silly fetch manifest code-excerpt@^3.0.0
315 silly packumentCache full:https://registry.npmjs.org/code-excerpt cache-miss
316 http fetch GET 200 https://registry.npmjs.org/slice-ansi 530ms (cache miss)
317 silly packumentCache full:https://registry.npmjs.org/slice-ansi set size:undefined disposed:false
318 silly fetch manifest string-width@^4.2.2
319 silly packumentCache full:https://registry.npmjs.org/string-width cache-miss
320 http fetch GET 200 https://registry.npmjs.org/widest-line 447ms (cache miss)
321 silly packumentCache full:https://registry.npmjs.org/widest-line set size:undefined disposed:false
322 silly fetch manifest indent-string@^4.0.0
323 silly packumentCache full:https://registry.npmjs.org/indent-string cache-miss
324 http fetch GET 200 https://registry.npmjs.org/ansi-escapes 427ms (cache miss)
325 silly packumentCache full:https://registry.npmjs.org/ansi-escapes set size:undefined disposed:false
326 silly fetch manifest patch-console@^1.0.0
327 silly packumentCache full:https://registry.npmjs.org/patch-console cache-miss
328 http fetch GET 200 https://registry.npmjs.org/string-width 92ms (cache miss)
329 silly packumentCache full:https://registry.npmjs.org/string-width set size:undefined disposed:false
330 silly fetch manifest react-reconciler@^0.26.2
331 silly packumentCache full:https://registry.npmjs.org/react-reconciler cache-miss
332 http fetch GET 200 https://registry.npmjs.org/@azure%2fopentelemetry-instrumentation-azure-sdk 2139ms (cache miss)
333 silly packumentCache full:https://registry.npmjs.org/@azure%2fopentelemetry-instrumentation-azure-sdk set size:undefined disposed:false
334 silly fetch manifest react-devtools-core@^4.19.1
335 silly packumentCache full:https://registry.npmjs.org/react-devtools-core cache-miss
336 http fetch GET 200 https://registry.npmjs.org/cli-truncate 486ms (cache miss)
337 silly packumentCache full:https://registry.npmjs.org/cli-truncate set size:undefined disposed:false
338 silly fetch manifest yoga-layout-prebuilt@^1.9.6
339 silly packumentCache full:https://registry.npmjs.org/yoga-layout-prebuilt cache-miss
340 http cache https://registry.npmjs.org/react-devtools-core 45ms (cache hit)
341 silly packumentCache full:https://registry.npmjs.org/react-devtools-core set size:459848 disposed:false
342 silly fetch manifest loose-envify@^1.1.0
343 silly packumentCache full:https://registry.npmjs.org/loose-envify cache-miss
344 http fetch GET 200 https://registry.npmjs.org/code-excerpt 406ms (cache miss)
345 silly packumentCache full:https://registry.npmjs.org/code-excerpt set size:undefined disposed:false
346 silly fetch manifest object-assign@^4.1.1
347 silly packumentCache full:https://registry.npmjs.org/object-assign cache-miss
348 http fetch GET 200 https://registry.npmjs.org/indent-string 402ms (cache miss)
349 silly packumentCache full:https://registry.npmjs.org/indent-string set size:undefined disposed:false
350 silly fetch manifest prop-types@^15.7.2
351 silly packumentCache full:https://registry.npmjs.org/prop-types cache-miss
352 http fetch GET 200 https://registry.npmjs.org/patch-console 397ms (cache miss)
353 silly packumentCache full:https://registry.npmjs.org/patch-console set size:undefined disposed:false
354 silly fetch manifest string-width@^4.0.0
355 silly packumentCache full:https://registry.npmjs.org/string-width cache-miss
356 http cache https://registry.npmjs.org/string-width 28ms (cache hit)
357 silly packumentCache full:https://registry.npmjs.org/string-width set size:72458 disposed:false
358 silly fetch manifest figures@^3.2.0
359 silly packumentCache full:https://registry.npmjs.org/figures cache-miss
360 http fetch GET 200 https://registry.npmjs.org/scheduler 1389ms (cache miss)
361 silly packumentCache full:https://registry.npmjs.org/scheduler set size:undefined disposed:false
362 silly fetch manifest arr-rotate@^1.0.0
363 silly packumentCache full:https://registry.npmjs.org/arr-rotate cache-miss
364 http fetch GET 200 https://registry.npmjs.org/yoga-layout-prebuilt 642ms (cache miss)
365 silly packumentCache full:https://registry.npmjs.org/yoga-layout-prebuilt set size:undefined disposed:false
366 silly fetch manifest lodash.isequal@^4.5.0
367 silly packumentCache full:https://registry.npmjs.org/lodash.isequal cache-miss
368 http fetch GET 200 https://registry.npmjs.org/loose-envify 599ms (cache miss)
369 silly packumentCache full:https://registry.npmjs.org/loose-envify set size:undefined disposed:false
370 silly fetch manifest cli-spinners@^2.3.0
371 silly packumentCache full:https://registry.npmjs.org/cli-spinners cache-miss
372 http fetch GET 200 https://registry.npmjs.org/object-assign 563ms (cache miss)
373 silly packumentCache full:https://registry.npmjs.org/object-assign set size:undefined disposed:false
374 silly fetch manifest type-fest@^0.15.1
375 silly packumentCache full:https://registry.npmjs.org/type-fest cache-miss
376 http cache https://registry.npmjs.org/type-fest 24ms (cache hit)
377 silly packumentCache full:https://registry.npmjs.org/type-fest set size:566201 disposed:false
378 silly fetch manifest ora@^5.4.1
379 silly packumentCache full:https://registry.npmjs.org/ora cache-miss
380 http fetch GET 200 https://registry.npmjs.org/figures 467ms (cache miss)
381 silly packumentCache full:https://registry.npmjs.org/figures set size:undefined disposed:false
382 silly fetch manifest rxjs@^7.8.1
383 silly packumentCache full:https://registry.npmjs.org/rxjs cache-miss
384 http cache https://registry.npmjs.org/ora 59ms (cache hit)
385 silly packumentCache full:https://registry.npmjs.org/ora set size:147148 disposed:false
386 silly fetch manifest cli-width@^4.1.0
387 silly packumentCache full:https://registry.npmjs.org/cli-width cache-miss
388 http fetch GET 200 https://registry.npmjs.org/cli-spinners 168ms (cache miss)
389 silly packumentCache full:https://registry.npmjs.org/cli-spinners set size:undefined disposed:false
390 silly fetch manifest run-async@^3.0.0
391 silly packumentCache full:https://registry.npmjs.org/run-async cache-miss
392 http fetch GET 200 https://registry.npmjs.org/prop-types 660ms (cache miss)
393 silly packumentCache full:https://registry.npmjs.org/prop-types set size:undefined disposed:false
394 silly fetch manifest strip-ansi@^6.0.1
395 silly packumentCache full:https://registry.npmjs.org/strip-ansi cache-miss
396 http fetch GET 200 https://registry.npmjs.org/strip-ansi 48ms (cache miss)
397 silly packumentCache full:https://registry.npmjs.org/strip-ansi set size:undefined disposed:false
398 silly fetch manifest mute-stream@1.0.0
399 silly packumentCache full:https://registry.npmjs.org/mute-stream cache-miss
400 http fetch GET 200 https://registry.npmjs.org/arr-rotate 446ms (cache miss)
401 silly packumentCache full:https://registry.npmjs.org/arr-rotate set size:undefined disposed:false
402 silly fetch manifest ansi-escapes@^4.3.2
403 silly packumentCache full:https://registry.npmjs.org/ansi-escapes cache-miss
404 http fetch GET 200 https://registry.npmjs.org/lodash.isequal 419ms (cache miss)
405 silly packumentCache full:https://registry.npmjs.org/lodash.isequal set size:undefined disposed:false
406 silly fetch manifest string-width@^4.2.3
407 silly packumentCache full:https://registry.npmjs.org/string-width cache-hit
408 silly fetch manifest yoctocolors-cjs@^2.1.2
409 silly packumentCache full:https://registry.npmjs.org/yoctocolors-cjs cache-miss
410 http cache https://registry.npmjs.org/ansi-escapes 36ms (cache hit)
411 silly packumentCache full:https://registry.npmjs.org/ansi-escapes set size:70915 disposed:false
412 silly fetch manifest @inquirer/figures@^1.0.3
413 silly packumentCache full:https://registry.npmjs.org/@inquirer%2ffigures cache-miss
414 http fetch GET 200 https://registry.npmjs.org/react-reconciler 1348ms (cache miss)
415 silly packumentCache full:https://registry.npmjs.org/react-reconciler set size:undefined disposed:false
416 silly fetch manifest @inquirer/external-editor@^1.0.2
417 silly packumentCache full:https://registry.npmjs.org/@inquirer%2fexternal-editor cache-miss
418 http fetch GET 200 https://registry.npmjs.org/cli-width 782ms (cache miss)
419 silly packumentCache full:https://registry.npmjs.org/cli-width set size:undefined disposed:false
420 silly fetch manifest cardinal@^2.1.1
421 silly packumentCache full:https://registry.npmjs.org/cardinal cache-miss
422 http fetch GET 200 https://registry.npmjs.org/mute-stream 714ms (cache miss)
423 silly packumentCache full:https://registry.npmjs.org/mute-stream set size:undefined disposed:false
424 silly fetch manifest cli-table3@^0.6.3
425 silly packumentCache full:https://registry.npmjs.org/cli-table3 cache-miss
426 http fetch GET 200 https://registry.npmjs.org/run-async 806ms (cache miss)
427 silly packumentCache full:https://registry.npmjs.org/run-async set size:undefined disposed:false
428 silly fetch manifest node-emoji@^1.11.0
429 silly packumentCache full:https://registry.npmjs.org/node-emoji cache-miss
430 http fetch GET 200 https://registry.npmjs.org/yoctocolors-cjs 580ms (cache miss)
431 silly packumentCache full:https://registry.npmjs.org/yoctocolors-cjs set size:undefined disposed:false
432 silly fetch manifest ansi-escapes@^6.2.0
433 silly packumentCache full:https://registry.npmjs.org/ansi-escapes cache-hit
434 silly fetch manifest supports-hyperlinks@^2.3.0
435 silly packumentCache full:https://registry.npmjs.org/supports-hyperlinks cache-miss
436 http fetch GET 200 https://registry.npmjs.org/rxjs 962ms (cache miss)
437 silly packumentCache full:https://registry.npmjs.org/rxjs set size:undefined disposed:false
438 silly fetch manifest wcwidth@^1.0.1
439 silly packumentCache full:https://registry.npmjs.org/wcwidth cache-miss
440 http fetch GET 200 https://registry.npmjs.org/wcwidth 41ms (cache miss)
441 silly packumentCache full:https://registry.npmjs.org/wcwidth set size:undefined disposed:false
442 silly fetch manifest cli-cursor@^4.0.0
443 silly packumentCache full:https://registry.npmjs.org/cli-cursor cache-miss
444 http cache https://registry.npmjs.org/cli-cursor 15ms (cache hit)
445 silly packumentCache full:https://registry.npmjs.org/cli-cursor set size:18913 disposed:false
446 silly fetch manifest strip-ansi@^7.0.1
447 silly packumentCache full:https://registry.npmjs.org/strip-ansi cache-miss
448 http cache https://registry.npmjs.org/strip-ansi 26ms (cache hit)
449 silly packumentCache full:https://registry.npmjs.org/strip-ansi set size:44998 disposed:false
450 silly fetch manifest log-symbols@^5.1.0
451 silly packumentCache full:https://registry.npmjs.org/log-symbols cache-miss
452 http fetch GET 200 https://registry.npmjs.org/@inquirer%2ffigures 818ms (cache miss)
453 silly packumentCache full:https://registry.npmjs.org/@inquirer%2ffigures set size:undefined disposed:false
454 silly fetch manifest cli-spinners@^2.6.1
455 silly packumentCache full:https://registry.npmjs.org/cli-spinners cache-miss
456 http cache https://registry.npmjs.org/cli-spinners 22ms (cache hit)
457 silly packumentCache full:https://registry.npmjs.org/cli-spinners set size:67473 disposed:false
458 silly fetch manifest is-interactive@^2.0.0
459 silly packumentCache full:https://registry.npmjs.org/is-interactive cache-miss
460 http fetch GET 200 https://registry.npmjs.org/log-symbols 69ms (cache miss)
461 silly packumentCache full:https://registry.npmjs.org/log-symbols set size:undefined disposed:false
462 silly fetch manifest stdin-discarder@^0.1.0
463 silly packumentCache full:https://registry.npmjs.org/stdin-discarder cache-miss
464 http fetch GET 200 https://registry.npmjs.org/cardinal 388ms (cache miss)
465 silly packumentCache full:https://registry.npmjs.org/cardinal set size:undefined disposed:false
466 silly fetch manifest is-unicode-supported@^1.1.0
467 silly packumentCache full:https://registry.npmjs.org/is-unicode-supported cache-miss
468 http fetch GET 200 https://registry.npmjs.org/cli-table3 402ms (cache miss)
469 silly packumentCache full:https://registry.npmjs.org/cli-table3 set size:undefined disposed:false
470 silly fetch manifest ws@^7
471 silly packumentCache full:https://registry.npmjs.org/ws cache-miss
472 http fetch GET 200 https://registry.npmjs.org/node-emoji 406ms (cache miss)
473 silly packumentCache full:https://registry.npmjs.org/node-emoji set size:undefined disposed:false
474 silly fetch manifest shell-quote@^1.6.1
475 silly packumentCache full:https://registry.npmjs.org/shell-quote cache-miss
476 http cache https://registry.npmjs.org/ws 48ms (cache hit)
477 silly packumentCache full:https://registry.npmjs.org/ws set size:426890 disposed:false
478 silly fetch manifest @babel/runtime@^7.5.5
479 silly packumentCache full:https://registry.npmjs.org/@babel%2fruntime cache-miss
480 http fetch GET 200 https://registry.npmjs.org/supports-hyperlinks 475ms (cache miss)
481 silly packumentCache full:https://registry.npmjs.org/supports-hyperlinks set size:undefined disposed:false
482 silly fetch manifest broadcast-channel@^3.4.1
483 silly packumentCache full:https://registry.npmjs.org/broadcast-channel cache-miss
484 http fetch GET 200 https://registry.npmjs.org/is-interactive 408ms (cache miss)
485 silly packumentCache full:https://registry.npmjs.org/is-interactive set size:undefined disposed:false
486 silly fetch manifest match-sorter@^6.0.2
487 silly packumentCache full:https://registry.npmjs.org/match-sorter cache-miss
488 http fetch GET 200 https://registry.npmjs.org/stdin-discarder 410ms (cache miss)
489 silly packumentCache full:https://registry.npmjs.org/stdin-discarder set size:undefined disposed:false
490 silly fetch manifest semver@~7.0.0
491 silly packumentCache full:https://registry.npmjs.org/semver cache-miss
492 http fetch GET 200 https://registry.npmjs.org/@inquirer%2fexternal-editor 939ms (cache miss)
493 silly packumentCache full:https://registry.npmjs.org/@inquirer%2fexternal-editor set size:undefined disposed:false
494 silly fetch manifest psl@^1.1.33
495 silly packumentCache full:https://registry.npmjs.org/psl cache-miss
496 http cache https://registry.npmjs.org/semver 35ms (cache hit)
497 silly packumentCache full:https://registry.npmjs.org/semver set size:246069 disposed:false
498 silly fetch manifest punycode@^2.1.1
499 silly packumentCache full:https://registry.npmjs.org/punycode cache-miss
500 http fetch GET 200 https://registry.npmjs.org/is-unicode-supported 455ms (cache miss)
501 silly packumentCache full:https://registry.npmjs.org/is-unicode-supported set size:undefined disposed:false
502 silly fetch manifest url-parse@^1.5.3
503 silly packumentCache full:https://registry.npmjs.org/url-parse cache-miss
504 http fetch GET 200 https://registry.npmjs.org/shell-quote 424ms (cache miss)
505 silly packumentCache full:https://registry.npmjs.org/shell-quote set size:undefined disposed:false
506 silly fetch manifest universalify@^0.2.0
507 silly packumentCache full:https://registry.npmjs.org/universalify cache-miss
508 http fetch GET 200 https://registry.npmjs.org/url-parse 73ms (cache miss)
509 silly packumentCache full:https://registry.npmjs.org/url-parse set size:undefined disposed:false
510 silly fetch manifest use-sync-external-store@^1.2.2
511 silly packumentCache full:https://registry.npmjs.org/use-sync-external-store cache-miss
512 http fetch GET 200 https://registry.npmjs.org/broadcast-channel 575ms (cache miss)
513 silly packumentCache full:https://registry.npmjs.org/broadcast-channel set size:undefined disposed:false
514 http fetch GET 200 https://registry.npmjs.org/match-sorter 436ms (cache miss)
515 silly packumentCache full:https://registry.npmjs.org/match-sorter set size:undefined disposed:false
516 http fetch GET 200 https://registry.npmjs.org/psl 424ms (cache miss)
517 silly packumentCache full:https://registry.npmjs.org/psl set size:undefined disposed:false
518 http fetch GET 200 https://registry.npmjs.org/punycode 418ms (cache miss)
519 silly packumentCache full:https://registry.npmjs.org/punycode set size:undefined disposed:false
520 http fetch GET 200 https://registry.npmjs.org/universalify 403ms (cache miss)
521 silly packumentCache full:https://registry.npmjs.org/universalify set size:undefined disposed:false
522 http fetch GET 200 https://registry.npmjs.org/@babel%2fruntime 836ms (cache miss)
523 silly packumentCache full:https://registry.npmjs.org/@babel%2fruntime set size:undefined disposed:false
524 http fetch GET 200 https://registry.npmjs.org/use-sync-external-store 848ms (cache miss)
525 silly packumentCache full:https://registry.npmjs.org/use-sync-external-store set size:undefined disposed:false
526 silly placeDep node_modules/@githubnext/github-copilot-cli @azure/core-auth@1.7.2 OK for: applicationinsights@2.9.8 want: 1.7.2
527 silly placeDep node_modules/@githubnext/github-copilot-cli @azure/core-rest-pipeline@1.16.3 OK for: applicationinsights@2.9.8 want: 1.16.3
528 silly placeDep node_modules/@githubnext/github-copilot-cli @azure/opentelemetry-instrumentation-azure-sdk@1.0.0 OK for: applicationinsights@2.9.8 want: ^1.0.0-beta.5
529 silly placeDep node_modules/@githubnext/github-copilot-cli @microsoft/applicationinsights-web-snippet@1.0.1 OK for: applicationinsights@2.9.8 want: 1.0.1
530 silly placeDep node_modules/@githubnext/github-copilot-cli @opentelemetry/api@1.9.1 OK for: applicationinsights@2.9.8 want: ^1.7.0
531 silly placeDep node_modules/@githubnext/github-copilot-cli @opentelemetry/core@1.30.1 OK for: applicationinsights@2.9.8 want: ^1.19.0
532 silly placeDep node_modules/@githubnext/github-copilot-cli @opentelemetry/sdk-trace-base@1.30.1 OK for: applicationinsights@2.9.8 want: ^1.19.0
533 silly placeDep node_modules/@githubnext/github-copilot-cli @opentelemetry/semantic-conventions@1.43.0 OK for: applicationinsights@2.9.8 want: ^1.19.0
534 silly placeDep node_modules/@githubnext/github-copilot-cli cls-hooked@4.2.2 OK for: applicationinsights@2.9.8 want: ^4.2.2
535 silly placeDep node_modules/@githubnext/github-copilot-cli continuation-local-storage@3.2.1 OK for: applicationinsights@2.9.8 want: ^3.2.1
536 silly placeDep node_modules/@githubnext/github-copilot-cli diagnostic-channel@1.1.1 OK for: applicationinsights@2.9.8 want: 1.1.1
537 silly placeDep node_modules/@githubnext/github-copilot-cli diagnostic-channel-publishers@1.0.8 OK for: applicationinsights@2.9.8 want: 1.0.8
538 silly fetch manifest tslib@^2.6.2
539 silly packumentCache full:https://registry.npmjs.org/tslib cache-miss
540 silly fetch manifest @azure/core-util@^1.1.0
541 silly packumentCache full:https://registry.npmjs.org/@azure%2fcore-util cache-miss
542 silly fetch manifest @azure/abort-controller@^2.0.0
543 silly packumentCache full:https://registry.npmjs.org/@azure%2fabort-controller cache-miss
544 silly fetch manifest tslib@^2.6.2
545 silly packumentCache full:https://registry.npmjs.org/tslib cache-miss
546 silly fetch manifest @azure/logger@^1.0.0
547 silly packumentCache full:https://registry.npmjs.org/@azure%2flogger cache-miss
548 silly fetch manifest @azure/core-util@^1.9.0
549 silly packumentCache full:https://registry.npmjs.org/@azure%2fcore-util cache-miss
550 silly fetch manifest http-proxy-agent@^7.0.0
551 silly packumentCache full:https://registry.npmjs.org/http-proxy-agent cache-miss
552 http fetch GET 200 https://registry.npmjs.org/http-proxy-agent 565ms (cache miss)
553 silly packumentCache full:https://registry.npmjs.org/http-proxy-agent set size:undefined disposed:false
554 silly fetch manifest https-proxy-agent@^7.0.0
555 silly packumentCache full:https://registry.npmjs.org/https-proxy-agent cache-miss
556 http fetch GET 200 https://registry.npmjs.org/tslib 613ms (cache miss)
557 silly packumentCache full:https://registry.npmjs.org/tslib set size:undefined disposed:false
558 silly fetch manifest @azure/core-tracing@^1.0.1
559 silly packumentCache full:https://registry.npmjs.org/@azure%2fcore-tracing cache-miss
560 http fetch GET 200 https://registry.npmjs.org/tslib 618ms (cache miss)
561 silly packumentCache full:https://registry.npmjs.org/tslib set size:undefined disposed:false
562 silly fetch manifest @azure/abort-controller@^2.0.0
563 silly packumentCache full:https://registry.npmjs.org/@azure%2fabort-controller cache-miss
564 http cache https://registry.npmjs.org/https-proxy-agent 44ms (cache hit)
565 silly packumentCache full:https://registry.npmjs.org/https-proxy-agent set size:83792 disposed:false
566 silly fetch manifest tslib@^2.7.0
567 silly packumentCache full:https://registry.npmjs.org/tslib cache-miss
568 http cache https://registry.npmjs.org/tslib 22ms (cache hit)
569 silly packumentCache full:https://registry.npmjs.org/tslib set size:108843 disposed:false
570 silly fetch manifest @azure/logger@^1.0.0
571 silly packumentCache full:https://registry.npmjs.org/@azure%2flogger cache-miss
572 http fetch GET 200 https://registry.npmjs.org/@azure%2fcore-util 1171ms (cache miss)
573 silly packumentCache full:https://registry.npmjs.org/@azure%2fcore-util set size:undefined disposed:false
574 silly fetch manifest @opentelemetry/api@^1.9.0
575 silly packumentCache full:https://registry.npmjs.org/@opentelemetry%2fapi cache-miss
576 http fetch GET 200 https://registry.npmjs.org/@azure%2fcore-util 1276ms (cache miss)
577 silly packumentCache full:https://registry.npmjs.org/@azure%2fcore-util set size:undefined disposed:false
578 silly fetch manifest @azure/core-tracing@^1.2.0
579 silly packumentCache full:https://registry.npmjs.org/@azure%2fcore-tracing cache-miss
580 http fetch GET 200 https://registry.npmjs.org/@azure%2flogger 663ms (cache miss)
581 silly packumentCache full:https://registry.npmjs.org/@azure%2flogger set size:undefined disposed:false
582 silly fetch manifest @opentelemetry/core@^2.0.0
583 silly packumentCache full:https://registry.npmjs.org/@opentelemetry%2fcore cache-miss
584 http fetch GET 200 https://registry.npmjs.org/@azure%2flogger 1489ms (cache miss)
585 silly packumentCache full:https://registry.npmjs.org/@azure%2flogger set size:undefined disposed:false
586 silly fetch manifest @opentelemetry/sdk-trace-web@^2.0.0
587 silly packumentCache full:https://registry.npmjs.org/@opentelemetry%2fsdk-trace-web cache-miss
588 http cache https://registry.npmjs.org/@opentelemetry%2fapi 327ms (cache hit)
589 silly packumentCache full:https://registry.npmjs.org/@opentelemetry%2fapi set size:272967 disposed:false
590 silly fetch manifest @opentelemetry/instrumentation@^0.211.0
591 silly packumentCache full:https://registry.npmjs.org/@opentelemetry%2finstrumentation cache-miss
592 http cache https://registry.npmjs.org/@opentelemetry%2fcore 201ms (cache hit)
593 silly packumentCache full:https://registry.npmjs.org/@opentelemetry%2fcore set size:832723 disposed:false
594 silly fetch manifest @opentelemetry/semantic-conventions@1.28.0
595 silly packumentCache full:https://registry.npmjs.org/@opentelemetry%2fsemantic-conventions cache-miss
596 http cache https://registry.npmjs.org/@opentelemetry%2fsemantic-conventions 40ms (cache hit)
597 silly packumentCache full:https://registry.npmjs.org/@opentelemetry%2fsemantic-conventions set size:428824 disposed:false
598 silly fetch manifest @opentelemetry/resources@1.30.1
599 silly packumentCache full:https://registry.npmjs.org/@opentelemetry%2fresources cache-miss
600 http fetch GET 200 https://registry.npmjs.org/@azure%2fabort-controller 1126ms (cache miss)
601 silly packumentCache full:https://registry.npmjs.org/@azure%2fabort-controller set size:undefined disposed:false
602 silly fetch manifest async-hook-jl@^1.7.6
603 silly packumentCache full:https://registry.npmjs.org/async-hook-jl cache-miss
604 http fetch GET 200 https://registry.npmjs.org/@azure%2fabort-controller 1853ms (cache miss)
605 silly packumentCache full:https://registry.npmjs.org/@azure%2fabort-controller set size:undefined disposed:false
606 silly fetch manifest emitter-listener@^1.0.1
607 silly packumentCache full:https://registry.npmjs.org/emitter-listener cache-miss
608 http fetch GET 200 https://registry.npmjs.org/@azure%2fcore-tracing 692ms (cache miss)
609 silly packumentCache full:https://registry.npmjs.org/@azure%2fcore-tracing set size:undefined disposed:false
610 silly fetch manifest async-listener@^0.6.0
611 silly packumentCache full:https://registry.npmjs.org/async-listener cache-miss
612 http fetch GET 200 https://registry.npmjs.org/@azure%2fcore-tracing 1572ms (cache miss)
613 silly packumentCache full:https://registry.npmjs.org/@azure%2fcore-tracing set size:undefined disposed:false
614 silly fetch manifest emitter-listener@^1.1.1
615 silly packumentCache full:https://registry.npmjs.org/emitter-listener cache-miss
616 http fetch GET 200 https://registry.npmjs.org/async-hook-jl 473ms (cache miss)
617 silly packumentCache full:https://registry.npmjs.org/async-hook-jl set size:undefined disposed:false
618 silly fetch manifest semver@^7.5.3
619 silly packumentCache full:https://registry.npmjs.org/semver cache-hit
620 http fetch GET 200 https://registry.npmjs.org/emitter-listener 406ms (cache miss)
621 silly packumentCache full:https://registry.npmjs.org/emitter-listener set size:undefined disposed:false
622 http fetch GET 200 https://registry.npmjs.org/emitter-listener 60ms (cache miss)
623 silly packumentCache full:https://registry.npmjs.org/emitter-listener set size:undefined disposed:false
624 http fetch GET 200 https://registry.npmjs.org/@opentelemetry%2finstrumentation 789ms (cache miss)
625 silly packumentCache full:https://registry.npmjs.org/@opentelemetry%2finstrumentation set size:undefined disposed:false
626 http fetch GET 200 https://registry.npmjs.org/async-listener 428ms (cache miss)
627 silly packumentCache full:https://registry.npmjs.org/async-listener set size:undefined disposed:false
628 http fetch GET 200 https://registry.npmjs.org/@opentelemetry%2fresources 889ms (cache miss)
629 silly packumentCache full:https://registry.npmjs.org/@opentelemetry%2fresources set size:undefined disposed:false
630 http fetch GET 200 https://registry.npmjs.org/@opentelemetry%2fsdk-trace-web 1588ms (cache miss)
631 silly packumentCache full:https://registry.npmjs.org/@opentelemetry%2fsdk-trace-web set size:undefined disposed:false
632 silly placeDep node_modules/@githubnext/github-copilot-cli @azure/abort-controller@2.2.0 OK for: @azure/core-auth@1.7.2 want: ^2.0.0
633 silly placeDep node_modules/@githubnext/github-copilot-cli @azure/core-util@1.14.0 OK for: @azure/core-auth@1.7.2 want: ^1.1.0
634 silly placeDep node_modules/@githubnext/github-copilot-cli tslib@2.8.1 OK for: @azure/core-auth@1.7.2 want: ^2.6.2
635 silly fetch manifest @typespec/ts-http-runtime@^0.3.0
636 silly packumentCache full:https://registry.npmjs.org/@typespec%2fts-http-runtime cache-miss
637 http fetch GET 200 https://registry.npmjs.org/@typespec%2fts-http-runtime 1113ms (cache miss)
638 silly packumentCache full:https://registry.npmjs.org/@typespec%2fts-http-runtime set size:undefined disposed:false
639 silly placeDep node_modules/@githubnext/github-copilot-cli @azure/core-tracing@1.4.0 OK for: @azure/core-rest-pipeline@1.16.3 want: ^1.0.1
640 silly placeDep node_modules/@githubnext/github-copilot-cli @azure/logger@1.4.0 OK for: @azure/core-rest-pipeline@1.16.3 want: ^1.0.0
641 silly placeDep node_modules/@githubnext/github-copilot-cli http-proxy-agent@7.0.2 OK for: @azure/core-rest-pipeline@1.16.3 want: ^7.0.0
642 silly placeDep node_modules/@githubnext/github-copilot-cli https-proxy-agent@7.0.6 OK for: @azure/core-rest-pipeline@1.16.3 want: ^7.0.0
643 silly fetch manifest debug@^4.3.4
644 silly packumentCache full:https://registry.npmjs.org/debug cache-miss
645 silly fetch manifest agent-base@^7.1.0
646 silly packumentCache full:https://registry.npmjs.org/agent-base cache-miss
647 silly fetch manifest debug@4
648 silly packumentCache full:https://registry.npmjs.org/debug cache-miss
649 silly fetch manifest agent-base@^7.1.2
650 silly packumentCache full:https://registry.npmjs.org/agent-base cache-miss
651 http fetch GET 200 https://registry.npmjs.org/debug 81ms (cache miss)
652 silly packumentCache full:https://registry.npmjs.org/debug set size:undefined disposed:false
653 http fetch GET 200 https://registry.npmjs.org/debug 99ms (cache miss)
654 silly packumentCache full:https://registry.npmjs.org/debug set size:undefined disposed:false
655 http fetch GET 200 https://registry.npmjs.org/agent-base 404ms (cache miss)
656 silly packumentCache full:https://registry.npmjs.org/agent-base set size:undefined disposed:false
657 http fetch GET 200 https://registry.npmjs.org/agent-base 436ms (cache miss)
658 silly packumentCache full:https://registry.npmjs.org/agent-base set size:undefined disposed:false
659 silly placeDep node_modules/@githubnext/github-copilot-cli @typespec/ts-http-runtime@0.3.7 OK for: @azure/core-util@1.14.0 want: ^0.3.0
660 silly placeDep node_modules/@githubnext/github-copilot-cli/node_modules/@azure/opentelemetry-instrumentation-azure-sdk @opentelemetry/core@2.10.0 OK for: @azure/opentelemetry-instrumentation-azure-sdk@1.0.0 want: ^2.0.0
661 silly placeDep node_modules/@githubnext/github-copilot-cli @opentelemetry/instrumentation@0.211.0 OK for: @azure/opentelemetry-instrumentation-azure-sdk@1.0.0 want: ^0.211.0
662 silly placeDep node_modules/@githubnext/github-copilot-cli @opentelemetry/sdk-trace-web@2.10.0 OK for: @azure/opentelemetry-instrumentation-azure-sdk@1.0.0 want: ^2.0.0
663 silly fetch manifest import-in-the-middle@^2.0.0
664 silly packumentCache full:https://registry.npmjs.org/import-in-the-middle cache-miss
665 silly fetch manifest require-in-the-middle@^8.0.0
666 silly packumentCache full:https://registry.npmjs.org/require-in-the-middle cache-miss
667 silly fetch manifest @opentelemetry/api-logs@0.211.0
668 silly packumentCache full:https://registry.npmjs.org/@opentelemetry%2fapi-logs cache-miss
669 silly fetch manifest @opentelemetry/core@2.10.0
670 silly packumentCache full:https://registry.npmjs.org/@opentelemetry%2fcore cache-hit
671 silly fetch manifest @opentelemetry/sdk-trace-base@2.10.0
672 silly packumentCache full:https://registry.npmjs.org/@opentelemetry%2fsdk-trace-base cache-miss
673 http cache https://registry.npmjs.org/@opentelemetry%2fsdk-trace-base 32ms (cache hit)
674 silly packumentCache full:https://registry.npmjs.org/@opentelemetry%2fsdk-trace-base set size:341696 disposed:false
675 http fetch GET 200 https://registry.npmjs.org/require-in-the-middle 522ms (cache miss)
676 silly packumentCache full:https://registry.npmjs.org/require-in-the-middle set size:undefined disposed:false
677 http fetch GET 200 https://registry.npmjs.org/import-in-the-middle 552ms (cache miss)
678 silly packumentCache full:https://registry.npmjs.org/import-in-the-middle set size:undefined disposed:false
679 http fetch GET 200 https://registry.npmjs.org/@opentelemetry%2fapi-logs 795ms (cache miss)
680 silly packumentCache full:https://registry.npmjs.org/@opentelemetry%2fapi-logs set size:undefined disposed:false
681 silly placeDep node_modules/@githubnext/github-copilot-cli/node_modules/@opentelemetry/core @opentelemetry/semantic-conventions@1.28.0 OK for: @opentelemetry/core@1.30.1 want: 1.28.0
682 silly placeDep node_modules/@githubnext/github-copilot-cli @opentelemetry/api-logs@0.211.0 OK for: @opentelemetry/instrumentation@0.211.0 want: 0.211.0
683 silly placeDep node_modules/@githubnext/github-copilot-cli import-in-the-middle@2.0.6 OK for: @opentelemetry/instrumentation@0.211.0 want: ^2.0.0
684 silly placeDep node_modules/@githubnext/github-copilot-cli require-in-the-middle@8.0.1 OK for: @opentelemetry/instrumentation@0.211.0 want: ^8.0.0
685 silly fetch manifest acorn@^8.15.0
686 silly packumentCache full:https://registry.npmjs.org/acorn cache-miss
687 silly fetch manifest cjs-module-lexer@^2.2.0
688 silly packumentCache full:https://registry.npmjs.org/cjs-module-lexer cache-miss
689 silly fetch manifest acorn-import-attributes@^1.9.5
690 silly packumentCache full:https://registry.npmjs.org/acorn-import-attributes cache-miss
691 silly fetch manifest module-details-from-path@^1.0.4
692 silly packumentCache full:https://registry.npmjs.org/module-details-from-path cache-miss
693 silly fetch manifest debug@^4.3.5
694 silly packumentCache full:https://registry.npmjs.org/debug cache-miss
695 silly fetch manifest module-details-from-path@^1.0.3
696 silly packumentCache full:https://registry.npmjs.org/module-details-from-path cache-miss
697 http cache https://registry.npmjs.org/debug 39ms (cache hit)
698 silly packumentCache full:https://registry.npmjs.org/debug set size:195840 disposed:false
699 http fetch GET 200 https://registry.npmjs.org/module-details-from-path 565ms (cache miss)
700 silly packumentCache full:https://registry.npmjs.org/module-details-from-path set size:undefined disposed:false
701 http fetch GET 200 https://registry.npmjs.org/acorn-import-attributes 582ms (cache miss)
702 silly packumentCache full:https://registry.npmjs.org/acorn-import-attributes set size:undefined disposed:false
703 http fetch GET 200 https://registry.npmjs.org/module-details-from-path 590ms (cache miss)
704 silly packumentCache full:https://registry.npmjs.org/module-details-from-path set size:undefined disposed:false
705 http fetch GET 200 https://registry.npmjs.org/cjs-module-lexer 610ms (cache miss)
706 silly packumentCache full:https://registry.npmjs.org/cjs-module-lexer set size:undefined disposed:false
707 http fetch GET 200 https://registry.npmjs.org/acorn 640ms (cache miss)
708 silly packumentCache full:https://registry.npmjs.org/acorn set size:undefined disposed:false
709 silly fetch manifest @opentelemetry/api@>=1.0.0 <1.10.0
710 silly packumentCache full:https://registry.npmjs.org/@opentelemetry%2fapi cache-hit
711 silly placeDep node_modules/@githubnext/github-copilot-cli @opentelemetry/resources@1.30.1 OK for: @opentelemetry/sdk-trace-base@1.30.1 want: 1.30.1
712 silly placeDep node_modules/@githubnext/github-copilot-cli/node_modules/@opentelemetry/sdk-trace-base @opentelemetry/semantic-conventions@1.28.0 OK for: @opentelemetry/sdk-trace-base@1.30.1 want: 1.28.0
713 silly placeDep node_modules/@githubnext/github-copilot-cli/node_modules/@opentelemetry/resources @opentelemetry/semantic-conventions@1.28.0 OK for: @opentelemetry/resources@1.30.1 want: 1.28.0
714 silly placeDep node_modules/@githubnext/github-copilot-cli/node_modules/@opentelemetry/sdk-trace-web @opentelemetry/core@2.10.0 OK for: @opentelemetry/sdk-trace-web@2.10.0 want: 2.10.0
715 silly placeDep node_modules/@githubnext/github-copilot-cli/node_modules/@opentelemetry/sdk-trace-web @opentelemetry/sdk-trace-base@2.10.0 OK for: @opentelemetry/sdk-trace-web@2.10.0 want: 2.10.0
716 silly fetch manifest @opentelemetry/resources@2.10.0
717 silly packumentCache full:https://registry.npmjs.org/@opentelemetry%2fresources cache-miss
718 silly fetch manifest @opentelemetry/sdk-trace@2.10.0
719 silly packumentCache full:https://registry.npmjs.org/@opentelemetry%2fsdk-trace cache-miss
720 http cache https://registry.npmjs.org/@opentelemetry%2fresources 29ms (cache hit)
721 silly packumentCache full:https://registry.npmjs.org/@opentelemetry%2fresources set size:736047 disposed:false
722 http fetch GET 200 https://registry.npmjs.org/@opentelemetry%2fsdk-trace 832ms (cache miss)
723 silly packumentCache full:https://registry.npmjs.org/@opentelemetry%2fsdk-trace set size:undefined disposed:false
724 silly placeDep node_modules/@githubnext/github-copilot-cli follow-redirects@1.16.0 OK for: axios@1.18.1 want: ^1.16.0
725 silly placeDep node_modules/@githubnext/github-copilot-cli form-data@4.0.6 OK for: axios@1.18.1 want: ^4.0.5
726 silly placeDep node_modules/@githubnext/github-copilot-cli/node_modules/axios https-proxy-agent@5.0.1 OK for: axios@1.18.1 want: ^5.0.1
727 silly placeDep node_modules/@githubnext/github-copilot-cli proxy-from-env@2.1.0 OK for: axios@1.18.1 want: ^2.1.0
728 silly fetch manifest hasown@^2.0.4
729 silly packumentCache full:https://registry.npmjs.org/hasown cache-miss
730 silly fetch manifest asynckit@^0.4.0
731 silly packumentCache full:https://registry.npmjs.org/asynckit cache-miss
732 silly fetch manifest mime-types@^2.1.35
733 silly packumentCache full:https://registry.npmjs.org/mime-types cache-miss
734 silly fetch manifest combined-stream@^1.0.8
735 silly packumentCache full:https://registry.npmjs.org/combined-stream cache-miss
736 silly fetch manifest es-set-tostringtag@^2.1.0
737 silly packumentCache full:https://registry.npmjs.org/es-set-tostringtag cache-miss
738 silly fetch manifest agent-base@6
739 silly packumentCache full:https://registry.npmjs.org/agent-base cache-miss
740 http cache https://registry.npmjs.org/agent-base 38ms (cache hit)
741 silly packumentCache full:https://registry.npmjs.org/agent-base set size:72085 disposed:false
742 http fetch GET 200 https://registry.npmjs.org/hasown 87ms (cache miss)
743 silly packumentCache full:https://registry.npmjs.org/hasown set size:undefined disposed:false
744 http fetch GET 200 https://registry.npmjs.org/mime-types 100ms (cache miss)
745 silly packumentCache full:https://registry.npmjs.org/mime-types set size:undefined disposed:false
746 http fetch GET 200 https://registry.npmjs.org/asynckit 449ms (cache miss)
747 silly packumentCache full:https://registry.npmjs.org/asynckit set size:undefined disposed:false
748 http fetch GET 200 https://registry.npmjs.org/es-set-tostringtag 451ms (cache miss)
749 silly packumentCache full:https://registry.npmjs.org/es-set-tostringtag set size:undefined disposed:false
750 http fetch GET 200 https://registry.npmjs.org/combined-stream 464ms (cache miss)
751 silly packumentCache full:https://registry.npmjs.org/combined-stream set size:undefined disposed:false
752 silly placeDep node_modules/@githubnext/github-copilot-cli/node_modules/cli-highlight chalk@4.1.2 OK for: cli-highlight@2.1.11 want: ^4.0.0
753 silly placeDep node_modules/@githubnext/github-copilot-cli highlight.js@10.7.3 OK for: cli-highlight@2.1.11 want: ^10.7.1
754 silly placeDep node_modules/@githubnext/github-copilot-cli mz@2.7.0 OK for: cli-highlight@2.1.11 want: ^2.4.0
755 silly placeDep node_modules/@githubnext/github-copilot-cli parse5@5.1.1 OK for: cli-highlight@2.1.11 want: ^5.1.1
756 silly placeDep node_modules/@githubnext/github-copilot-cli parse5-htmlparser2-tree-adapter@6.0.1 OK for: cli-highlight@2.1.11 want: ^6.0.0
757 silly placeDep node_modules/@githubnext/github-copilot-cli yargs@16.2.2 OK for: cli-highlight@2.1.11 want: ^16.0.0
758 silly fetch manifest ansi-styles@^4.1.0
759 silly packumentCache full:https://registry.npmjs.org/ansi-styles cache-miss
760 silly fetch manifest supports-color@^7.1.0
761 silly packumentCache full:https://registry.npmjs.org/supports-color cache-miss
762 silly fetch manifest any-promise@^1.0.0
763 silly packumentCache full:https://registry.npmjs.org/any-promise cache-miss
764 silly fetch manifest object-assign@^4.0.1
765 silly packumentCache full:https://registry.npmjs.org/object-assign cache-miss
766 silly fetch manifest thenify-all@^1.0.0
767 silly packumentCache full:https://registry.npmjs.org/thenify-all cache-miss
768 silly fetch manifest parse5@^6.0.1
769 silly packumentCache full:https://registry.npmjs.org/parse5 cache-miss
770 silly fetch manifest y18n@^5.0.5
771 silly packumentCache full:https://registry.npmjs.org/y18n cache-miss
772 http cache https://registry.npmjs.org/object-assign 58ms (cache hit)
773 silly packumentCache full:https://registry.npmjs.org/object-assign set size:28988 disposed:false
774 silly fetch manifest cliui@^7.0.2
775 silly packumentCache full:https://registry.npmjs.org/cliui cache-miss
776 http cache https://registry.npmjs.org/parse5 64ms (cache hit)
777 silly packumentCache full:https://registry.npmjs.org/parse5 set size:123116 disposed:false
778 silly fetch manifest escalade@^3.1.1
779 silly packumentCache full:https://registry.npmjs.org/escalade cache-miss
780 http fetch GET 200 https://registry.npmjs.org/any-promise 118ms (cache miss)
781 silly packumentCache full:https://registry.npmjs.org/any-promise set size:undefined disposed:false
782 silly fetch manifest string-width@^4.2.0
783 silly packumentCache full:https://registry.npmjs.org/string-width cache-hit
784 silly fetch manifest yargs-parser@^20.2.2
785 silly packumentCache full:https://registry.npmjs.org/yargs-parser cache-miss
786 http fetch GET 200 https://registry.npmjs.org/ansi-styles 135ms (cache miss)
787 silly packumentCache full:https://registry.npmjs.org/ansi-styles set size:undefined disposed:false
788 silly fetch manifest get-caller-file@^2.0.5
789 silly packumentCache full:https://registry.npmjs.org/get-caller-file cache-miss
790 http fetch GET 200 https://registry.npmjs.org/y18n 147ms (cache miss)
791 silly packumentCache full:https://registry.npmjs.org/y18n set size:undefined disposed:false
792 silly fetch manifest require-directory@^2.1.1
793 silly packumentCache full:https://registry.npmjs.org/require-directory cache-miss
794 http fetch GET 200 https://registry.npmjs.org/get-caller-file 65ms (cache miss)
795 silly packumentCache full:https://registry.npmjs.org/get-caller-file set size:undefined disposed:false
796 http fetch GET 200 https://registry.npmjs.org/yargs-parser 90ms (cache miss)
797 silly packumentCache full:https://registry.npmjs.org/yargs-parser set size:undefined disposed:false
798 http fetch GET 200 https://registry.npmjs.org/require-directory 78ms (cache miss)
799 silly packumentCache full:https://registry.npmjs.org/require-directory set size:undefined disposed:false
800 http fetch GET 200 https://registry.npmjs.org/supports-color 439ms (cache miss)
801 silly packumentCache full:https://registry.npmjs.org/supports-color set size:undefined disposed:false
802 http fetch GET 200 https://registry.npmjs.org/thenify-all 454ms (cache miss)
803 silly packumentCache full:https://registry.npmjs.org/thenify-all set size:undefined disposed:false
804 http fetch GET 200 https://registry.npmjs.org/escalade 412ms (cache miss)
805 silly packumentCache full:https://registry.npmjs.org/escalade set size:undefined disposed:false
806 http fetch GET 200 https://registry.npmjs.org/cliui 445ms (cache miss)
807 silly packumentCache full:https://registry.npmjs.org/cliui set size:undefined disposed:false
808 silly placeDep node_modules/@githubnext/github-copilot-cli async-hook-jl@1.7.6 OK for: cls-hooked@4.2.2 want: ^1.7.6
809 silly placeDep node_modules/@githubnext/github-copilot-cli emitter-listener@1.1.2 OK for: cls-hooked@4.2.2 want: ^1.0.1
810 silly fetch manifest stack-chain@^1.3.7
811 silly packumentCache full:https://registry.npmjs.org/stack-chain cache-miss
812 silly fetch manifest shimmer@^1.2.0
813 silly packumentCache full:https://registry.npmjs.org/shimmer cache-miss
814 http fetch GET 200 https://registry.npmjs.org/stack-chain 463ms (cache miss)
815 silly packumentCache full:https://registry.npmjs.org/stack-chain set size:undefined disposed:false
816 http fetch GET 200 https://registry.npmjs.org/shimmer 477ms (cache miss)
817 silly packumentCache full:https://registry.npmjs.org/shimmer set size:undefined disposed:false
818 silly placeDep node_modules/@githubnext/github-copilot-cli stack-chain@1.3.7 OK for: async-hook-jl@1.7.6 want: ^1.3.7
819 silly placeDep node_modules/@githubnext/github-copilot-cli async-listener@0.6.10 OK for: continuation-local-storage@3.2.1 want: ^0.6.0
820 silly fetch manifest shimmer@^1.1.0
821 silly packumentCache full:https://registry.npmjs.org/shimmer cache-miss
822 http cache https://registry.npmjs.org/shimmer 24ms (cache hit)
823 silly packumentCache full:https://registry.npmjs.org/shimmer set size:22322 disposed:false
824 silly placeDep node_modules/@githubnext/github-copilot-cli shimmer@1.2.1 OK for: async-listener@0.6.10 want: ^1.1.0
825 silly placeDep node_modules/@githubnext/github-copilot-cli/node_modules/diagnostic-channel semver@7.8.5 OK for: diagnostic-channel@1.1.1 want: ^7.5.3
826 silly placeDep node_modules/@githubnext/github-copilot-cli asynckit@0.4.0 OK for: form-data@4.0.6 want: ^0.4.0
827 silly placeDep node_modules/@githubnext/github-copilot-cli combined-stream@1.0.8 OK for: form-data@4.0.6 want: ^1.0.8
828 silly placeDep node_modules/@githubnext/github-copilot-cli es-set-tostringtag@2.1.0 OK for: form-data@4.0.6 want: ^2.1.0
829 silly placeDep node_modules/@githubnext/github-copilot-cli hasown@2.0.4 OK for: form-data@4.0.6 want: ^2.0.4
830 silly placeDep node_modules/@githubnext/github-copilot-cli mime-types@2.1.35 OK for: form-data@4.0.6 want: ^2.1.35
831 silly fetch manifest delayed-stream@~1.0.0
832 silly packumentCache full:https://registry.npmjs.org/delayed-stream cache-miss
833 silly fetch manifest es-errors@^1.3.0
834 silly packumentCache full:https://registry.npmjs.org/es-errors cache-miss
835 silly fetch manifest get-intrinsic@^1.2.6
836 silly packumentCache full:https://registry.npmjs.org/get-intrinsic cache-miss
837 silly fetch manifest has-tostringtag@^1.0.2
838 silly packumentCache full:https://registry.npmjs.org/has-tostringtag cache-miss
839 silly fetch manifest hasown@^2.0.2
840 silly packumentCache full:https://registry.npmjs.org/hasown cache-miss
841 silly fetch manifest function-bind@^1.1.2
842 silly packumentCache full:https://registry.npmjs.org/function-bind cache-miss
843 silly fetch manifest mime-db@1.52.0
844 silly packumentCache full:https://registry.npmjs.org/mime-db cache-miss
845 http cache https://registry.npmjs.org/hasown 43ms (cache hit)
846 silly packumentCache full:https://registry.npmjs.org/hasown set size:18361 disposed:false
847 http fetch GET 200 https://registry.npmjs.org/function-bind 74ms (cache miss)
848 silly packumentCache full:https://registry.npmjs.org/function-bind set size:undefined disposed:false
849 http fetch GET 200 https://registry.npmjs.org/mime-db 91ms (cache miss)
850 silly packumentCache full:https://registry.npmjs.org/mime-db set size:undefined disposed:false
851 http fetch GET 200 https://registry.npmjs.org/delayed-stream 439ms (cache miss)
852 silly packumentCache full:https://registry.npmjs.org/delayed-stream set size:undefined disposed:false
853 http fetch GET 200 https://registry.npmjs.org/es-errors 460ms (cache miss)
854 silly packumentCache full:https://registry.npmjs.org/es-errors set size:undefined disposed:false
855 http fetch GET 200 https://registry.npmjs.org/has-tostringtag 463ms (cache miss)
856 silly packumentCache full:https://registry.npmjs.org/has-tostringtag set size:undefined disposed:false
857 http fetch GET 200 https://registry.npmjs.org/get-intrinsic 475ms (cache miss)
858 silly packumentCache full:https://registry.npmjs.org/get-intrinsic set size:undefined disposed:false
859 silly placeDep node_modules/@githubnext/github-copilot-cli delayed-stream@1.0.0 OK for: combined-stream@1.0.8 want: ~1.0.0
860 silly placeDep node_modules/@githubnext/github-copilot-cli es-errors@1.3.0 OK for: es-set-tostringtag@2.1.0 want: ^1.3.0
861 silly placeDep node_modules/@githubnext/github-copilot-cli get-intrinsic@1.3.0 OK for: es-set-tostringtag@2.1.0 want: ^1.2.6
862 silly placeDep node_modules/@githubnext/github-copilot-cli has-tostringtag@1.0.2 OK for: es-set-tostringtag@2.1.0 want: ^1.0.2
863 silly fetch manifest gopd@^1.2.0
864 silly packumentCache full:https://registry.npmjs.org/gopd cache-miss
865 silly fetch manifest get-proto@^1.0.1
866 silly packumentCache full:https://registry.npmjs.org/get-proto cache-miss
867 silly fetch manifest has-symbols@^1.1.0
868 silly packumentCache full:https://registry.npmjs.org/has-symbols cache-miss
869 silly fetch manifest es-object-atoms@^1.1.1
870 silly packumentCache full:https://registry.npmjs.org/es-object-atoms cache-miss
871 silly fetch manifest math-intrinsics@^1.1.0
872 silly packumentCache full:https://registry.npmjs.org/math-intrinsics cache-miss
873 silly fetch manifest es-define-property@^1.0.1
874 silly packumentCache full:https://registry.npmjs.org/es-define-property cache-miss
875 silly fetch manifest call-bind-apply-helpers@^1.0.2
876 silly packumentCache full:https://registry.npmjs.org/call-bind-apply-helpers cache-miss
877 http fetch GET 200 https://registry.npmjs.org/gopd 166ms (cache miss)
878 silly packumentCache full:https://registry.npmjs.org/gopd set size:undefined disposed:false
879 silly fetch manifest has-symbols@^1.0.3
880 silly packumentCache full:https://registry.npmjs.org/has-symbols cache-miss
881 http fetch GET 200 https://registry.npmjs.org/has-symbols 171ms (cache miss)
882 silly packumentCache full:https://registry.npmjs.org/has-symbols set size:undefined disposed:false
883 http fetch GET 200 https://registry.npmjs.org/get-proto 180ms (cache miss)
884 silly packumentCache full:https://registry.npmjs.org/get-proto set size:undefined disposed:false
885 http fetch GET 200 https://registry.npmjs.org/es-object-atoms 181ms (cache miss)
886 silly packumentCache full:https://registry.npmjs.org/es-object-atoms set size:undefined disposed:false
887 http fetch GET 200 https://registry.npmjs.org/math-intrinsics 186ms (cache miss)
888 silly packumentCache full:https://registry.npmjs.org/math-intrinsics set size:undefined disposed:false
889 http fetch GET 200 https://registry.npmjs.org/es-define-property 190ms (cache miss)
890 silly packumentCache full:https://registry.npmjs.org/es-define-property set size:undefined disposed:false
891 http fetch GET 200 https://registry.npmjs.org/call-bind-apply-helpers 192ms (cache miss)
892 silly packumentCache full:https://registry.npmjs.org/call-bind-apply-helpers set size:undefined disposed:false
893 http cache https://registry.npmjs.org/has-symbols 69ms (cache hit)
894 silly packumentCache full:https://registry.npmjs.org/has-symbols set size:21550 disposed:false
895 silly placeDep node_modules/@githubnext/github-copilot-cli call-bind-apply-helpers@1.0.2 OK for: get-intrinsic@1.3.0 want: ^1.0.2
896 silly placeDep node_modules/@githubnext/github-copilot-cli es-define-property@1.0.1 OK for: get-intrinsic@1.3.0 want: ^1.0.1
897 silly placeDep node_modules/@githubnext/github-copilot-cli es-object-atoms@1.1.2 OK for: get-intrinsic@1.3.0 want: ^1.1.1
898 silly placeDep node_modules/@githubnext/github-copilot-cli function-bind@1.1.2 OK for: get-intrinsic@1.3.0 want: ^1.1.2
899 silly placeDep node_modules/@githubnext/github-copilot-cli get-proto@1.0.1 OK for: get-intrinsic@1.3.0 want: ^1.0.1
900 silly placeDep node_modules/@githubnext/github-copilot-cli gopd@1.2.0 OK for: get-intrinsic@1.3.0 want: ^1.2.0
901 silly placeDep node_modules/@githubnext/github-copilot-cli has-symbols@1.1.0 OK for: get-intrinsic@1.3.0 want: ^1.1.0
902 silly placeDep node_modules/@githubnext/github-copilot-cli math-intrinsics@1.1.0 OK for: get-intrinsic@1.3.0 want: ^1.1.0
903 silly fetch manifest dunder-proto@^1.0.1
904 silly packumentCache full:https://registry.npmjs.org/dunder-proto cache-miss
905 http fetch GET 200 https://registry.npmjs.org/dunder-proto 46ms (cache miss)
906 silly packumentCache full:https://registry.npmjs.org/dunder-proto set size:undefined disposed:false
907 silly placeDep node_modules/@githubnext/github-copilot-cli dunder-proto@1.0.1 OK for: get-proto@1.0.1 want: ^1.0.1
908 silly placeDep node_modules/@githubnext/github-copilot-cli agent-base@7.1.4 OK for: http-proxy-agent@7.0.2 want: ^7.1.0
909 silly placeDep node_modules/@githubnext/github-copilot-cli debug@4.4.3 OK for: http-proxy-agent@7.0.2 want: ^4.3.4
910 silly fetch manifest ms@^2.1.3
911 silly packumentCache full:https://registry.npmjs.org/ms cache-miss
912 http fetch GET 200 https://registry.npmjs.org/ms 49ms (cache miss)
913 silly packumentCache full:https://registry.npmjs.org/ms set size:undefined disposed:false
914 silly placeDep node_modules/@githubnext/github-copilot-cli ms@2.1.3 OK for: debug@4.4.3 want: ^2.1.3
915 silly placeDep node_modules/@githubnext/github-copilot-cli acorn@8.18.0 OK for: import-in-the-middle@2.0.6 want: ^8.15.0
916 silly placeDep node_modules/@githubnext/github-copilot-cli acorn-import-attributes@1.9.5 OK for: import-in-the-middle@2.0.6 want: ^1.9.5
917 silly placeDep node_modules/@githubnext/github-copilot-cli cjs-module-lexer@2.2.0 OK for: import-in-the-middle@2.0.6 want: ^2.2.0
918 silly placeDep node_modules/@githubnext/github-copilot-cli module-details-from-path@1.0.4 OK for: import-in-the-middle@2.0.6 want: ^1.0.4
919 silly fetch manifest bufferutil@^4.0.1
920 silly packumentCache full:https://registry.npmjs.org/bufferutil cache-miss
921 http fetch GET 200 https://registry.npmjs.org/bufferutil 494ms (cache miss)
922 silly packumentCache full:https://registry.npmjs.org/bufferutil set size:undefined disposed:false
923 silly fetch manifest utf-8-validate@^5.0.2
924 silly packumentCache full:https://registry.npmjs.org/utf-8-validate cache-miss
925 http fetch GET 200 https://registry.npmjs.org/utf-8-validate 438ms (cache miss)
926 silly packumentCache full:https://registry.npmjs.org/utf-8-validate set size:undefined disposed:false
927 silly fetch manifest react@>=16.8.0
928 silly packumentCache full:https://registry.npmjs.org/react cache-miss
929 http cache https://registry.npmjs.org/react 93ms (cache hit)
930 silly packumentCache full:https://registry.npmjs.org/react set size:6839707 disposed:false
931 silly fetch manifest react@^17.0.2
932 silly packumentCache full:https://registry.npmjs.org/react cache-miss
933 http cache https://registry.npmjs.org/react 88ms (cache hit)
934 silly packumentCache full:https://registry.npmjs.org/react set size:6839707 disposed:false
935 silly placeDep node_modules/@githubnext/github-copilot-cli ansi-escapes@4.3.2 OK for: ink@3.2.0 want: ^4.2.1
936 silly placeDep node_modules/@githubnext/github-copilot-cli auto-bind@4.0.0 OK for: ink@3.2.0 want: 4.0.0
937 silly placeDep node_modules/@githubnext/github-copilot-cli/node_modules/ink chalk@4.1.2 OK for: ink@3.2.0 want: ^4.1.0
938 silly placeDep node_modules/@githubnext/github-copilot-cli cli-boxes@2.2.1 OK for: ink@3.2.0 want: ^2.2.0
939 silly placeDep node_modules/@githubnext/github-copilot-cli cli-cursor@3.1.0 OK for: ink@3.2.0 want: ^3.1.0
940 silly placeDep node_modules/@githubnext/github-copilot-cli cli-truncate@2.1.0 OK for: ink@3.2.0 want: ^2.1.0
941 silly placeDep node_modules/@githubnext/github-copilot-cli code-excerpt@3.0.0 OK for: ink@3.2.0 want: ^3.0.0
942 silly placeDep node_modules/@githubnext/github-copilot-cli indent-string@4.0.0 OK for: ink@3.2.0 want: ^4.0.0
943 silly placeDep node_modules/@githubnext/github-copilot-cli is-ci@2.0.0 OK for: ink@3.2.0 want: ^2.0.0
944 silly placeDep node_modules/@githubnext/github-copilot-cli lodash@4.18.1 OK for: ink@3.2.0 want: ^4.17.20
945 silly placeDep node_modules/@githubnext/github-copilot-cli patch-console@1.0.0 OK for: ink@3.2.0 want: ^1.0.0
946 silly placeDep node_modules/@githubnext/github-copilot-cli react-reconciler@0.26.2 OK for: ink@3.2.0 want: ^0.26.2
947 silly placeDep node_modules/@githubnext/github-copilot-cli scheduler@0.20.2 OK for: ink@3.2.0 want: ^0.20.2
948 silly placeDep node_modules/@githubnext/github-copilot-cli signal-exit@3.0.7 OK for: ink@3.2.0 want: ^3.0.2
949 silly placeDep node_modules/@githubnext/github-copilot-cli slice-ansi@3.0.0 OK for: ink@3.2.0 want: ^3.0.0
950 silly placeDep node_modules/@githubnext/github-copilot-cli stack-utils@2.0.6 OK for: ink@3.2.0 want: ^2.0.2
951 silly placeDep node_modules/@githubnext/github-copilot-cli string-width@4.2.3 OK for: ink@3.2.0 want: ^4.2.2
952 silly placeDep node_modules/@githubnext/github-copilot-cli type-fest@0.12.0 OK for: ink@3.2.0 want: ^0.12.0
953 silly placeDep node_modules/@githubnext/github-copilot-cli widest-line@3.1.0 OK for: ink@3.2.0 want: ^3.1.0
954 silly placeDep node_modules/@githubnext/github-copilot-cli wrap-ansi@6.2.0 OK for: ink@3.2.0 want: ^6.2.0
955 silly placeDep node_modules/@githubnext/github-copilot-cli ws@7.5.13 OK for: ink@3.2.0 want: ^7.5.5
956 silly placeDep node_modules/@githubnext/github-copilot-cli yoga-layout-prebuilt@1.10.0 OK for: ink@3.2.0 want: ^1.9.6
957 silly fetch manifest type-fest@^0.21.3
958 silly packumentCache full:https://registry.npmjs.org/type-fest cache-hit
959 silly fetch manifest restore-cursor@^3.1.0
960 silly packumentCache full:https://registry.npmjs.org/restore-cursor cache-miss
961 silly fetch manifest convert-to-spaces@^1.0.1
962 silly packumentCache full:https://registry.npmjs.org/convert-to-spaces cache-miss
963 silly fetch manifest ci-info@^2.0.0
964 silly packumentCache full:https://registry.npmjs.org/ci-info cache-miss
965 silly fetch manifest ansi-styles@^4.0.0
966 silly packumentCache full:https://registry.npmjs.org/ansi-styles cache-miss
967 silly fetch manifest astral-regex@^2.0.0
968 silly packumentCache full:https://registry.npmjs.org/astral-regex cache-miss
969 silly fetch manifest is-fullwidth-code-point@^3.0.0
970 silly packumentCache full:https://registry.npmjs.org/is-fullwidth-code-point cache-miss
971 silly fetch manifest escape-string-regexp@^2.0.0
972 silly packumentCache full:https://registry.npmjs.org/escape-string-regexp cache-miss
973 http cache https://registry.npmjs.org/ansi-styles 65ms (cache hit)
974 silly packumentCache full:https://registry.npmjs.org/ansi-styles set size:71772 disposed:false
975 silly fetch manifest emoji-regex@^8.0.0
976 silly packumentCache full:https://registry.npmjs.org/emoji-regex cache-miss
977 http fetch GET 200 https://registry.npmjs.org/restore-cursor 115ms (cache miss)
978 silly packumentCache full:https://registry.npmjs.org/restore-cursor set size:undefined disposed:false
979 silly fetch manifest is-fullwidth-code-point@^3.0.0
980 silly packumentCache full:https://registry.npmjs.org/is-fullwidth-code-point cache-miss
981 http fetch GET 200 https://registry.npmjs.org/is-fullwidth-code-point 102ms (cache miss)
982 silly packumentCache full:https://registry.npmjs.org/is-fullwidth-code-point set size:undefined disposed:false
983 silly fetch manifest strip-ansi@^6.0.0
984 silly packumentCache full:https://registry.npmjs.org/strip-ansi cache-hit
985 silly fetch manifest @types/yoga-layout@1.9.2
986 silly packumentCache full:https://registry.npmjs.org/@types%2fyoga-layout cache-miss
987 http fetch GET 200 https://registry.npmjs.org/ci-info 144ms (cache miss)
988 silly packumentCache full:https://registry.npmjs.org/ci-info set size:undefined disposed:false
989 http cache https://registry.npmjs.org/is-fullwidth-code-point 50ms (cache hit)
990 silly packumentCache full:https://registry.npmjs.org/is-fullwidth-code-point set size:14578 disposed:false
991 http fetch GET 200 https://registry.npmjs.org/emoji-regex 88ms (cache miss)
992 silly packumentCache full:https://registry.npmjs.org/emoji-regex set size:undefined disposed:false
993 http fetch GET 200 https://registry.npmjs.org/astral-regex 422ms (cache miss)
994 silly packumentCache full:https://registry.npmjs.org/astral-regex set size:undefined disposed:false
995 http fetch GET 200 https://registry.npmjs.org/escape-string-regexp 425ms (cache miss)
996 silly packumentCache full:https://registry.npmjs.org/escape-string-regexp set size:undefined disposed:false
997 http fetch GET 200 https://registry.npmjs.org/convert-to-spaces 453ms (cache miss)
998 silly packumentCache full:https://registry.npmjs.org/convert-to-spaces set size:undefined disposed:false
999 http fetch GET 200 https://registry.npmjs.org/@types%2fyoga-layout 842ms (cache miss)
1000 silly packumentCache full:https://registry.npmjs.org/@types%2fyoga-layout set size:undefined disposed:false
1001 silly placeDep node_modules/@githubnext/github-copilot-cli/node_modules/ansi-escapes type-fest@0.21.3 OK for: ansi-escapes@4.3.2 want: ^0.21.3
1002 silly placeDep node_modules/@githubnext/github-copilot-cli restore-cursor@3.1.0 OK for: cli-cursor@3.1.0 want: ^3.1.0
1003 silly fetch manifest onetime@^5.1.0
1004 silly packumentCache full:https://registry.npmjs.org/onetime cache-miss
1005 http fetch GET 200 https://registry.npmjs.org/onetime 49ms (cache miss)
1006 silly packumentCache full:https://registry.npmjs.org/onetime set size:undefined disposed:false
1007 silly placeDep node_modules/@githubnext/github-copilot-cli convert-to-spaces@1.0.2 OK for: code-excerpt@3.0.0 want: ^1.0.1
1008 silly placeDep node_modules/@githubnext/github-copilot-cli prop-types@15.8.1 OK for: ink-divider@3.0.0 want: ^15.7.2
1009 silly fetch manifest loose-envify@^1.4.0
1010 silly packumentCache full:https://registry.npmjs.org/loose-envify cache-miss
1011 silly fetch manifest react-is@^16.13.1
1012 silly packumentCache full:https://registry.npmjs.org/react-is cache-miss
1013 http cache https://registry.npmjs.org/loose-envify 22ms (cache hit)
1014 silly packumentCache full:https://registry.npmjs.org/loose-envify set size:12559 disposed:false
1015 http fetch GET 200 https://registry.npmjs.org/react-is 791ms (cache miss)
1016 silly packumentCache full:https://registry.npmjs.org/react-is set size:undefined disposed:false
1017 silly placeDep node_modules/@githubnext/github-copilot-cli arr-rotate@1.0.0 OK for: ink-select-input@4.2.2 want: ^1.0.0
1018 silly placeDep node_modules/@githubnext/github-copilot-cli figures@3.2.0 OK for: ink-select-input@4.2.2 want: ^3.2.0
1019 silly placeDep node_modules/@githubnext/github-copilot-cli lodash.isequal@4.5.0 OK for: ink-select-input@4.2.2 want: ^4.5.0
1020 silly fetch manifest escape-string-regexp@^1.0.5
1021 silly packumentCache full:https://registry.npmjs.org/escape-string-regexp cache-miss
1022 http cache https://registry.npmjs.org/escape-string-regexp 11ms (cache hit)
1023 silly packumentCache full:https://registry.npmjs.org/escape-string-regexp set size:22244 disposed:false
1024 silly placeDep node_modules/@githubnext/github-copilot-cli escape-string-regexp@1.0.5 OK for: figures@3.2.0 want: ^1.0.5
1025 silly placeDep node_modules/@githubnext/github-copilot-cli cli-spinners@2.9.2 OK for: ink-spinner@4.0.3 want: ^2.3.0
1026 silly placeDep node_modules/@githubnext/github-copilot-cli/node_modules/ink-text-input chalk@4.1.2 OK for: ink-text-input@4.0.3 want: ^4.1.0
1027 silly placeDep node_modules/@githubnext/github-copilot-cli/node_modules/ink-text-input type-fest@0.15.1 OK for: ink-text-input@4.0.3 want: ^0.15.1
1028 silly fetch manifest @types/node@>=18
1029 silly packumentCache full:https://registry.npmjs.org/@types%2fnode cache-miss
1030 http fetch GET 200 https://registry.npmjs.org/@types%2fnode 1007ms (cache miss)
1031 silly packumentCache full:https://registry.npmjs.org/@types%2fnode set size:undefined disposed:false
1032 silly placeDep node_modules/@githubnext/github-copilot-cli @inquirer/external-editor@1.0.3 OK for: inquirer@9.3.8 want: ^1.0.2
1033 silly placeDep node_modules/@githubnext/github-copilot-cli @inquirer/figures@1.0.15 OK for: inquirer@9.3.8 want: ^1.0.3
1034 silly placeDep node_modules/@githubnext/github-copilot-cli cli-width@4.1.0 OK for: inquirer@9.3.8 want: ^4.1.0
1035 silly placeDep node_modules/@githubnext/github-copilot-cli mute-stream@1.0.0 OK for: inquirer@9.3.8 want: 1.0.0
1036 silly placeDep node_modules/@githubnext/github-copilot-cli/node_modules/inquirer ora@5.4.1 OK for: inquirer@9.3.8 want: ^5.4.1
1037 silly placeDep node_modules/@githubnext/github-copilot-cli run-async@3.0.0 OK for: inquirer@9.3.8 want: ^3.0.0
1038 silly placeDep node_modules/@githubnext/github-copilot-cli rxjs@7.8.2 OK for: inquirer@9.3.8 want: ^7.8.1
1039 silly placeDep node_modules/@githubnext/github-copilot-cli strip-ansi@6.0.1 OK for: inquirer@9.3.8 want: ^6.0.1
1040 silly placeDep node_modules/@githubnext/github-copilot-cli yoctocolors-cjs@2.1.3 OK for: inquirer@9.3.8 want: ^2.1.2
1041 silly fetch manifest chardet@^2.1.1
1042 silly packumentCache full:https://registry.npmjs.org/chardet cache-miss
1043 silly fetch manifest iconv-lite@^0.7.0
1044 silly packumentCache full:https://registry.npmjs.org/iconv-lite cache-miss
1045 silly fetch manifest bl@^4.1.0
1046 silly packumentCache full:https://registry.npmjs.org/bl cache-miss
1047 silly fetch manifest log-symbols@^4.1.0
1048 silly packumentCache full:https://registry.npmjs.org/log-symbols cache-miss
1049 silly fetch manifest is-interactive@^1.0.0
1050 silly packumentCache full:https://registry.npmjs.org/is-interactive cache-miss
1051 silly fetch manifest is-unicode-supported@^0.1.0
1052 silly packumentCache full:https://registry.npmjs.org/is-unicode-supported cache-miss
1053 silly fetch manifest ansi-regex@^5.0.1
1054 silly packumentCache full:https://registry.npmjs.org/ansi-regex cache-miss
1055 http cache https://registry.npmjs.org/log-symbols 44ms (cache hit)
1056 silly packumentCache full:https://registry.npmjs.org/log-symbols set size:31977 disposed:false
1057 http cache https://registry.npmjs.org/is-unicode-supported 51ms (cache hit)
1058 silly packumentCache full:https://registry.npmjs.org/is-unicode-supported set size:19461 disposed:false
1059 http cache https://registry.npmjs.org/is-interactive 59ms (cache hit)
1060 silly packumentCache full:https://registry.npmjs.org/is-interactive set size:10692 disposed:false
1061 http fetch GET 200 https://registry.npmjs.org/iconv-lite 97ms (cache miss)
1062 silly packumentCache full:https://registry.npmjs.org/iconv-lite set size:undefined disposed:false
1063 http fetch GET 200 https://registry.npmjs.org/ansi-regex 474ms (cache miss)
1064 silly packumentCache full:https://registry.npmjs.org/ansi-regex set size:undefined disposed:false
1065 http fetch GET 200 https://registry.npmjs.org/chardet 500ms (cache miss)
1066 silly packumentCache full:https://registry.npmjs.org/chardet set size:undefined disposed:false
1067 http fetch GET 200 https://registry.npmjs.org/bl 520ms (cache miss)
1068 silly packumentCache full:https://registry.npmjs.org/bl set size:undefined disposed:false
1069 silly placeDep node_modules/@githubnext/github-copilot-cli chardet@2.2.0 OK for: @inquirer/external-editor@1.0.3 want: ^2.1.1
1070 silly placeDep node_modules/@githubnext/github-copilot-cli iconv-lite@0.7.3 OK for: @inquirer/external-editor@1.0.3 want: ^0.7.0
1071 silly fetch manifest safer-buffer@>= 2.1.2 < 3.0.0
1072 silly packumentCache full:https://registry.npmjs.org/safer-buffer cache-miss
1073 http fetch GET 200 https://registry.npmjs.org/safer-buffer 91ms (cache miss)
1074 silly packumentCache full:https://registry.npmjs.org/safer-buffer set size:undefined disposed:false
1075 silly placeDep node_modules/@githubnext/github-copilot-cli safer-buffer@2.1.2 OK for: iconv-lite@0.7.3 want: >= 2.1.2 < 3.0.0
1076 silly placeDep node_modules/@githubnext/github-copilot-cli ci-info@2.0.0 OK for: is-ci@2.0.0 want: ^2.0.0
1077 silly placeDep node_modules/@githubnext/github-copilot-cli/node_modules/marked-terminal ansi-escapes@6.2.1 OK for: marked-terminal@5.2.0 want: ^6.2.0
1078 silly placeDep node_modules/@githubnext/github-copilot-cli cardinal@2.1.1 OK for: marked-terminal@5.2.0 want: ^2.1.1
1079 silly placeDep node_modules/@githubnext/github-copilot-cli cli-table3@0.6.5 OK for: marked-terminal@5.2.0 want: ^0.6.3
1080 silly placeDep node_modules/@githubnext/github-copilot-cli node-emoji@1.11.0 OK for: marked-terminal@5.2.0 want: ^1.11.0
1081 silly placeDep node_modules/@githubnext/github-copilot-cli supports-hyperlinks@2.3.0 OK for: marked-terminal@5.2.0 want: ^2.3.0
1082 silly fetch manifest ansicolors@~0.3.2
1083 silly packumentCache full:https://registry.npmjs.org/ansicolors cache-miss
1084 silly fetch manifest redeyed@~2.1.0
1085 silly packumentCache full:https://registry.npmjs.org/redeyed cache-miss
1086 silly fetch manifest @colors/colors@1.5.0
1087 silly packumentCache full:https://registry.npmjs.org/@colors%2fcolors cache-miss
1088 silly fetch manifest has-flag@^4.0.0
1089 silly packumentCache full:https://registry.npmjs.org/has-flag cache-miss
1090 silly fetch manifest supports-color@^7.0.0
1091 silly packumentCache full:https://registry.npmjs.org/supports-color cache-miss
1092 http cache https://registry.npmjs.org/supports-color 31ms (cache hit)
1093 silly packumentCache full:https://registry.npmjs.org/supports-color set size:124169 disposed:false
1094 http fetch GET 200 https://registry.npmjs.org/has-flag 66ms (cache miss)
1095 silly packumentCache full:https://registry.npmjs.org/has-flag set size:undefined disposed:false
1096 http fetch GET 200 https://registry.npmjs.org/ansicolors 433ms (cache miss)
1097 silly packumentCache full:https://registry.npmjs.org/ansicolors set size:undefined disposed:false
1098 http fetch GET 200 https://registry.npmjs.org/redeyed 827ms (cache miss)
1099 silly packumentCache full:https://registry.npmjs.org/redeyed set size:undefined disposed:false
1100 http fetch GET 200 https://registry.npmjs.org/@colors%2fcolors 854ms (cache miss)
1101 silly packumentCache full:https://registry.npmjs.org/@colors%2fcolors set size:undefined disposed:false
1102 silly placeDep node_modules/@githubnext/github-copilot-cli ansicolors@0.3.2 OK for: cardinal@2.1.1 want: ~0.3.2
1103 silly placeDep node_modules/@githubnext/github-copilot-cli redeyed@2.1.1 OK for: cardinal@2.1.1 want: ~2.1.0
1104 silly fetch manifest esprima@~4.0.0
1105 silly packumentCache full:https://registry.npmjs.org/esprima cache-miss
1106 http fetch GET 200 https://registry.npmjs.org/esprima 423ms (cache miss)
1107 silly packumentCache full:https://registry.npmjs.org/esprima set size:undefined disposed:false
1108 silly placeDep node_modules/@githubnext/github-copilot-cli @colors/colors@1.5.0 OK for: cli-table3@0.6.5 want: 1.5.0
1109 silly placeDep node_modules/@githubnext/github-copilot-cli mime-db@1.52.0 OK for: mime-types@2.1.35 want: 1.52.0
1110 silly placeDep node_modules/@githubnext/github-copilot-cli any-promise@1.3.0 OK for: mz@2.7.0 want: ^1.0.0
1111 silly placeDep node_modules/@githubnext/github-copilot-cli object-assign@4.1.1 OK for: mz@2.7.0 want: ^4.0.1
1112 silly placeDep node_modules/@githubnext/github-copilot-cli thenify-all@1.6.0 OK for: mz@2.7.0 want: ^1.0.0
1113 silly fetch manifest thenify@>= 3.1.0 < 4
1114 silly packumentCache full:https://registry.npmjs.org/thenify cache-miss
1115 http fetch GET 200 https://registry.npmjs.org/thenify 458ms (cache miss)
1116 silly packumentCache full:https://registry.npmjs.org/thenify set size:undefined disposed:false
1117 silly placeDep node_modules/@githubnext/github-copilot-cli/node_modules/ora cli-cursor@4.0.0 OK for: ora@6.3.1 want: ^4.0.0
1118 silly placeDep node_modules/@githubnext/github-copilot-cli is-interactive@2.0.0 OK for: ora@6.3.1 want: ^2.0.0
1119 silly placeDep node_modules/@githubnext/github-copilot-cli is-unicode-supported@1.3.0 OK for: ora@6.3.1 want: ^1.1.0
1120 silly placeDep node_modules/@githubnext/github-copilot-cli log-symbols@5.1.0 OK for: ora@6.3.1 want: ^5.1.0
1121 silly placeDep node_modules/@githubnext/github-copilot-cli stdin-discarder@0.1.0 OK for: ora@6.3.1 want: ^0.1.0
1122 silly placeDep node_modules/@githubnext/github-copilot-cli/node_modules/ora strip-ansi@7.2.0 OK for: ora@6.3.1 want: ^7.0.1
1123 silly placeDep node_modules/@githubnext/github-copilot-cli wcwidth@1.0.1 OK for: ora@6.3.1 want: ^1.0.1
1124 silly fetch manifest restore-cursor@^4.0.0
1125 silly packumentCache full:https://registry.npmjs.org/restore-cursor cache-miss
1126 silly fetch manifest bl@^5.0.0
1127 silly packumentCache full:https://registry.npmjs.org/bl cache-miss
1128 silly fetch manifest ansi-regex@^6.2.2
1129 silly packumentCache full:https://registry.npmjs.org/ansi-regex cache-miss
1130 silly fetch manifest defaults@^1.0.3
1131 silly packumentCache full:https://registry.npmjs.org/defaults cache-miss
1132 http cache https://registry.npmjs.org/restore-cursor 30ms (cache hit)
1133 silly packumentCache full:https://registry.npmjs.org/restore-cursor set size:17895 disposed:false
1134 http cache https://registry.npmjs.org/bl 35ms (cache hit)
1135 silly packumentCache full:https://registry.npmjs.org/bl set size:229665 disposed:false
1136 http cache https://registry.npmjs.org/ansi-regex 47ms (cache hit)
1137 silly packumentCache full:https://registry.npmjs.org/ansi-regex set size:43572 disposed:false
1138 http fetch GET 200 https://registry.npmjs.org/defaults 81ms (cache miss)
1139 silly packumentCache full:https://registry.npmjs.org/defaults set size:undefined disposed:false
1140 silly placeDep node_modules/@githubnext/github-copilot-cli/node_modules/parse5-htmlparser2-tree-adapter parse5@6.0.1 OK for: parse5-htmlparser2-tree-adapter@6.0.1 want: ^6.0.1
1141 silly placeDep node_modules/@githubnext/github-copilot-cli loose-envify@1.4.0 OK for: prop-types@15.8.1 want: ^1.4.0
1142 silly placeDep node_modules/@githubnext/github-copilot-cli react-is@16.13.1 OK for: prop-types@15.8.1 want: ^16.13.1
1143 silly fetch manifest js-tokens@^3.0.0 || ^4.0.0
1144 silly packumentCache full:https://registry.npmjs.org/js-tokens cache-miss
1145 http fetch GET 200 https://registry.npmjs.org/js-tokens 406ms (cache miss)
1146 silly packumentCache full:https://registry.npmjs.org/js-tokens set size:undefined disposed:false
1147 silly placeDep node_modules/@githubnext/github-copilot-cli js-tokens@4.0.0 OK for: loose-envify@1.4.0 want: ^3.0.0 || ^4.0.0
1148 silly placeDep node_modules/@githubnext/github-copilot-cli shell-quote@1.10.0 OK for: react-devtools-core@4.28.5 want: ^1.6.1
1149 silly placeDep node_modules/@githubnext/github-copilot-cli @babel/runtime@7.29.7 OK for: react-query@3.39.3 want: ^7.5.5
1150 silly placeDep node_modules/@githubnext/github-copilot-cli broadcast-channel@3.7.0 OK for: react-query@3.39.3 want: ^3.4.1
1151 silly placeDep node_modules/@githubnext/github-copilot-cli match-sorter@6.3.4 OK for: react-query@3.39.3 want: ^6.0.2
1152 silly fetch manifest rimraf@3.0.2
1153 silly packumentCache full:https://registry.npmjs.org/rimraf cache-miss
1154 silly fetch manifest unload@2.2.0
1155 silly packumentCache full:https://registry.npmjs.org/unload cache-miss
1156 silly fetch manifest js-sha3@0.8.0
1157 silly packumentCache full:https://registry.npmjs.org/js-sha3 cache-miss
1158 silly fetch manifest nano-time@1.0.0
1159 silly packumentCache full:https://registry.npmjs.org/nano-time cache-miss
1160 silly fetch manifest detect-node@^2.1.0
1161 silly packumentCache full:https://registry.npmjs.org/detect-node cache-miss
1162 silly fetch manifest microseconds@0.2.0
1163 silly packumentCache full:https://registry.npmjs.org/microseconds cache-miss
1164 silly fetch manifest oblivious-set@1.0.0
1165 silly packumentCache full:https://registry.npmjs.org/oblivious-set cache-miss
1166 http fetch GET 200 https://registry.npmjs.org/oblivious-set 570ms (cache miss)
1167 silly packumentCache full:https://registry.npmjs.org/oblivious-set set size:undefined disposed:false
1168 silly fetch manifest remove-accents@0.5.0
1169 silly packumentCache full:https://registry.npmjs.org/remove-accents cache-miss
1170 http fetch GET 200 https://registry.npmjs.org/microseconds 587ms (cache miss)
1171 silly packumentCache full:https://registry.npmjs.org/microseconds set size:undefined disposed:false
1172 http fetch GET 200 https://registry.npmjs.org/nano-time 597ms (cache miss)
1173 silly packumentCache full:https://registry.npmjs.org/nano-time set size:undefined disposed:false
1174 http fetch GET 200 https://registry.npmjs.org/detect-node 601ms (cache miss)
1175 silly packumentCache full:https://registry.npmjs.org/detect-node set size:undefined disposed:false
1176 http fetch GET 200 https://registry.npmjs.org/unload 616ms (cache miss)
1177 silly packumentCache full:https://registry.npmjs.org/unload set size:undefined disposed:false
1178 http fetch GET 200 https://registry.npmjs.org/js-sha3 623ms (cache miss)
1179 silly packumentCache full:https://registry.npmjs.org/js-sha3 set size:undefined disposed:false
1180 http fetch GET 200 https://registry.npmjs.org/rimraf 639ms (cache miss)
1181 silly packumentCache full:https://registry.npmjs.org/rimraf set size:undefined disposed:false
1182 http fetch GET 200 https://registry.npmjs.org/remove-accents 419ms (cache miss)
1183 silly packumentCache full:https://registry.npmjs.org/remove-accents set size:undefined disposed:false
1184 silly placeDep node_modules/@githubnext/github-copilot-cli detect-node@2.1.0 OK for: broadcast-channel@3.7.0 want: ^2.1.0
1185 silly placeDep node_modules/@githubnext/github-copilot-cli js-sha3@0.8.0 OK for: broadcast-channel@3.7.0 want: 0.8.0
1186 silly placeDep node_modules/@githubnext/github-copilot-cli microseconds@0.2.0 OK for: broadcast-channel@3.7.0 want: 0.2.0
1187 silly placeDep node_modules/@githubnext/github-copilot-cli nano-time@1.0.0 OK for: broadcast-channel@3.7.0 want: 1.0.0
1188 silly placeDep node_modules/@githubnext/github-copilot-cli oblivious-set@1.0.0 OK for: broadcast-channel@3.7.0 want: 1.0.0
1189 silly placeDep node_modules/@githubnext/github-copilot-cli rimraf@3.0.2 OK for: broadcast-channel@3.7.0 want: 3.0.2
1190 silly placeDep node_modules/@githubnext/github-copilot-cli unload@2.2.0 OK for: broadcast-channel@3.7.0 want: 2.2.0
1191 silly fetch manifest big-integer@^1.6.16
1192 silly packumentCache full:https://registry.npmjs.org/big-integer cache-miss
1193 silly fetch manifest glob@^7.1.3
1194 silly packumentCache full:https://registry.npmjs.org/glob cache-miss
1195 http fetch GET 200 https://registry.npmjs.org/glob 111ms (cache miss)
1196 silly packumentCache full:https://registry.npmjs.org/glob set size:undefined disposed:false
1197 http fetch GET 200 https://registry.npmjs.org/big-integer 435ms (cache miss)
1198 silly packumentCache full:https://registry.npmjs.org/big-integer set size:undefined disposed:false
1199 silly placeDep node_modules/@githubnext/github-copilot-cli remove-accents@0.5.0 OK for: match-sorter@6.3.4 want: 0.5.0
1200 silly placeDep node_modules/@githubnext/github-copilot-cli big-integer@1.6.52 OK for: nano-time@1.0.0 want: ^1.6.16
1201 silly placeDep node_modules/@githubnext/github-copilot-cli esprima@4.0.1 OK for: redeyed@2.1.1 want: ~4.0.0
1202 silly placeDep node_modules/@githubnext/github-copilot-cli onetime@5.1.2 OK for: restore-cursor@3.1.0 want: ^5.1.0
1203 silly fetch manifest mimic-fn@^2.1.0
1204 silly packumentCache full:https://registry.npmjs.org/mimic-fn cache-miss
1205 http fetch GET 200 https://registry.npmjs.org/mimic-fn 416ms (cache miss)
1206 silly packumentCache full:https://registry.npmjs.org/mimic-fn set size:undefined disposed:false
1207 silly placeDep node_modules/@githubnext/github-copilot-cli mimic-fn@2.1.0 OK for: onetime@5.1.2 want: ^2.1.0
1208 silly placeDep node_modules/@githubnext/github-copilot-cli glob@7.2.3 OK for: rimraf@3.0.2 want: ^7.1.3
1209 silly fetch manifest once@^1.3.0
1210 silly packumentCache full:https://registry.npmjs.org/once cache-miss
1211 silly fetch manifest inflight@^1.0.4
1212 silly packumentCache full:https://registry.npmjs.org/inflight cache-miss
1213 silly fetch manifest inherits@2
1214 silly packumentCache full:https://registry.npmjs.org/inherits cache-miss
1215 silly fetch manifest minimatch@^3.1.1
1216 silly packumentCache full:https://registry.npmjs.org/minimatch cache-miss
1217 silly fetch manifest fs.realpath@^1.0.0
1218 silly packumentCache full:https://registry.npmjs.org/fs.realpath cache-miss
1219 silly fetch manifest path-is-absolute@^1.0.0
1220 silly packumentCache full:https://registry.npmjs.org/path-is-absolute cache-miss
1221 http fetch GET 200 https://registry.npmjs.org/inherits 62ms (cache miss)
1222 silly packumentCache full:https://registry.npmjs.org/inherits set size:undefined disposed:false
1223 http fetch GET 200 https://registry.npmjs.org/once 455ms (cache miss)
1224 silly packumentCache full:https://registry.npmjs.org/once set size:undefined disposed:false
1225 http fetch GET 200 https://registry.npmjs.org/path-is-absolute 443ms (cache miss)
1226 silly packumentCache full:https://registry.npmjs.org/path-is-absolute set size:undefined disposed:false
1227 http fetch GET 200 https://registry.npmjs.org/fs.realpath 454ms (cache miss)
1228 silly packumentCache full:https://registry.npmjs.org/fs.realpath set size:undefined disposed:false
1229 http fetch GET 200 https://registry.npmjs.org/inflight 472ms (cache miss)
1230 silly packumentCache full:https://registry.npmjs.org/inflight set size:undefined disposed:false
1231 http fetch GET 200 https://registry.npmjs.org/minimatch 490ms (cache miss)
1232 silly packumentCache full:https://registry.npmjs.org/minimatch set size:undefined disposed:false
1233 silly placeDep node_modules/@githubnext/github-copilot-cli fs.realpath@1.0.0 OK for: glob@7.2.3 want: ^1.0.0
1234 silly placeDep node_modules/@githubnext/github-copilot-cli inflight@1.0.6 OK for: glob@7.2.3 want: ^1.0.4
1235 silly placeDep node_modules/@githubnext/github-copilot-cli inherits@2.0.4 OK for: glob@7.2.3 want: 2
1236 silly placeDep node_modules/@githubnext/github-copilot-cli minimatch@3.1.5 OK for: glob@7.2.3 want: ^3.1.1
1237 silly placeDep node_modules/@githubnext/github-copilot-cli once@1.4.0 OK for: glob@7.2.3 want: ^1.3.0
1238 silly placeDep node_modules/@githubnext/github-copilot-cli path-is-absolute@1.0.1 OK for: glob@7.2.3 want: ^1.0.0
1239 silly fetch manifest wrappy@1
1240 silly packumentCache full:https://registry.npmjs.org/wrappy cache-miss
1241 silly fetch manifest brace-expansion@^1.1.7
1242 silly packumentCache full:https://registry.npmjs.org/brace-expansion cache-miss
1243 silly fetch manifest wrappy@1
1244 silly packumentCache full:https://registry.npmjs.org/wrappy cache-miss
1245 http fetch GET 200 https://registry.npmjs.org/wrappy 434ms (cache miss)
1246 silly packumentCache full:https://registry.npmjs.org/wrappy set size:undefined disposed:false
1247 http fetch GET 200 https://registry.npmjs.org/wrappy 455ms (cache miss)
1248 silly packumentCache full:https://registry.npmjs.org/wrappy set size:undefined disposed:false
1249 http fetch GET 200 https://registry.npmjs.org/brace-expansion 459ms (cache miss)
1250 silly packumentCache full:https://registry.npmjs.org/brace-expansion set size:undefined disposed:false
1251 silly placeDep node_modules/@githubnext/github-copilot-cli wrappy@1.0.2 OK for: inflight@1.0.6 want: 1
1252 silly placeDep node_modules/@githubnext/github-copilot-cli brace-expansion@1.1.16 OK for: minimatch@3.1.5 want: ^1.1.7
1253 silly fetch manifest concat-map@0.0.1
1254 silly packumentCache full:https://registry.npmjs.org/concat-map cache-miss
1255 silly fetch manifest balanced-match@^1.0.0
1256 silly packumentCache full:https://registry.npmjs.org/balanced-match cache-miss
1257 http fetch GET 200 https://registry.npmjs.org/balanced-match 63ms (cache miss)
1258 silly packumentCache full:https://registry.npmjs.org/balanced-match set size:undefined disposed:false
1259 http fetch GET 200 https://registry.npmjs.org/concat-map 407ms (cache miss)
1260 silly packumentCache full:https://registry.npmjs.org/concat-map set size:undefined disposed:false
1261 silly placeDep node_modules/@githubnext/github-copilot-cli balanced-match@1.0.2 OK for: brace-expansion@1.1.16 want: ^1.0.0
1262 silly placeDep node_modules/@githubnext/github-copilot-cli concat-map@0.0.1 OK for: brace-expansion@1.1.16 want: 0.0.1
1263 silly placeDep node_modules/@githubnext/github-copilot-cli/node_modules/simple-update-notifier semver@7.0.0 OK for: simple-update-notifier@1.1.0 want: ~7.0.0
1264 silly placeDep node_modules/@githubnext/github-copilot-cli ansi-styles@4.3.0 OK for: slice-ansi@3.0.0 want: ^4.0.0
1265 silly placeDep node_modules/@githubnext/github-copilot-cli astral-regex@2.0.0 OK for: slice-ansi@3.0.0 want: ^2.0.0
1266 silly placeDep node_modules/@githubnext/github-copilot-cli is-fullwidth-code-point@3.0.0 OK for: slice-ansi@3.0.0 want: ^3.0.0
1267 silly fetch manifest color-convert@^2.0.1
1268 silly packumentCache full:https://registry.npmjs.org/color-convert cache-miss
1269 http fetch GET 200 https://registry.npmjs.org/color-convert 77ms (cache miss)
1270 silly packumentCache full:https://registry.npmjs.org/color-convert set size:undefined disposed:false
1271 silly placeDep node_modules/@githubnext/github-copilot-cli color-convert@2.0.1 OK for: ansi-styles@4.3.0 want: ^2.0.1
1272 silly fetch manifest color-name@~1.1.4
1273 silly packumentCache full:https://registry.npmjs.org/color-name cache-miss
1274 http fetch GET 200 https://registry.npmjs.org/color-name 66ms (cache miss)
1275 silly packumentCache full:https://registry.npmjs.org/color-name set size:undefined disposed:false
1276 silly placeDep node_modules/@githubnext/github-copilot-cli color-name@1.1.4 OK for: color-convert@2.0.1 want: ~1.1.4
1277 silly placeDep node_modules/@githubnext/github-copilot-cli/node_modules/stack-utils escape-string-regexp@2.0.0 OK for: stack-utils@2.0.6 want: ^2.0.0
1278 silly placeDep node_modules/@githubnext/github-copilot-cli bl@5.1.0 OK for: stdin-discarder@0.1.0 want: ^5.0.0
1279 silly fetch manifest buffer@^6.0.3
1280 silly packumentCache full:https://registry.npmjs.org/buffer cache-miss
1281 silly fetch manifest readable-stream@^3.4.0
1282 silly packumentCache full:https://registry.npmjs.org/readable-stream cache-miss
1283 http fetch GET 200 https://registry.npmjs.org/readable-stream 542ms (cache miss)
1284 silly packumentCache full:https://registry.npmjs.org/readable-stream set size:undefined disposed:false
1285 http fetch GET 200 https://registry.npmjs.org/buffer 739ms (cache miss)
1286 silly packumentCache full:https://registry.npmjs.org/buffer set size:undefined disposed:false
1287 silly placeDep node_modules/@githubnext/github-copilot-cli buffer@6.0.3 OK for: bl@5.1.0 want: ^6.0.3
1288 silly placeDep node_modules/@githubnext/github-copilot-cli readable-stream@3.6.2 OK for: bl@5.1.0 want: ^3.4.0
1289 silly fetch manifest base64-js@^1.3.1
1290 silly packumentCache full:https://registry.npmjs.org/base64-js cache-miss
1291 silly fetch manifest ieee754@^1.2.1
1292 silly packumentCache full:https://registry.npmjs.org/ieee754 cache-miss
1293 silly fetch manifest string_decoder@^1.1.1
1294 silly packumentCache full:https://registry.npmjs.org/string_decoder cache-miss
1295 silly fetch manifest util-deprecate@^1.0.1
1296 silly packumentCache full:https://registry.npmjs.org/util-deprecate cache-miss
1297 http fetch GET 200 https://registry.npmjs.org/util-deprecate 465ms (cache miss)
1298 silly packumentCache full:https://registry.npmjs.org/util-deprecate set size:undefined disposed:false
1299 http fetch GET 200 https://registry.npmjs.org/string_decoder 475ms (cache miss)
1300 silly packumentCache full:https://registry.npmjs.org/string_decoder set size:undefined disposed:false
1301 http fetch GET 200 https://registry.npmjs.org/base64-js 488ms (cache miss)
1302 silly packumentCache full:https://registry.npmjs.org/base64-js set size:undefined disposed:false
1303 http fetch GET 200 https://registry.npmjs.org/ieee754 494ms (cache miss)
1304 silly packumentCache full:https://registry.npmjs.org/ieee754 set size:undefined disposed:false
1305 silly placeDep node_modules/@githubnext/github-copilot-cli base64-js@1.5.1 OK for: buffer@6.0.3 want: ^1.3.1
1306 silly placeDep node_modules/@githubnext/github-copilot-cli ieee754@1.2.1 OK for: buffer@6.0.3 want: ^1.2.1
1307 silly placeDep node_modules/@githubnext/github-copilot-cli string_decoder@1.3.0 OK for: readable-stream@3.6.2 want: ^1.1.1
1308 silly placeDep node_modules/@githubnext/github-copilot-cli util-deprecate@1.0.2 OK for: readable-stream@3.6.2 want: ^1.0.1
1309 silly fetch manifest safe-buffer@~5.2.0
1310 silly packumentCache full:https://registry.npmjs.org/safe-buffer cache-miss
1311 http fetch GET 200 https://registry.npmjs.org/safe-buffer 44ms (cache miss)
1312 silly packumentCache full:https://registry.npmjs.org/safe-buffer set size:undefined disposed:false
1313 silly placeDep node_modules/@githubnext/github-copilot-cli safe-buffer@5.2.1 OK for: string_decoder@1.3.0 want: ~5.2.0
1314 silly placeDep node_modules/@githubnext/github-copilot-cli emoji-regex@8.0.0 OK for: string-width@4.2.3 want: ^8.0.0
1315 silly placeDep node_modules/@githubnext/github-copilot-cli ansi-regex@5.0.1 OK for: strip-ansi@6.0.1 want: ^5.0.1
1316 silly placeDep node_modules/@githubnext/github-copilot-cli has-flag@4.0.0 OK for: supports-hyperlinks@2.3.0 want: ^4.0.0
1317 silly placeDep node_modules/@githubnext/github-copilot-cli supports-color@7.2.0 OK for: supports-hyperlinks@2.3.0 want: ^7.0.0
1318 silly placeDep node_modules/@githubnext/github-copilot-cli thenify@3.3.1 OK for: thenify-all@1.6.0 want: >= 3.1.0 < 4
1319 silly placeDep node_modules/@githubnext/github-copilot-cli psl@1.15.0 OK for: tough-cookie@4.1.4 want: ^1.1.33
1320 silly placeDep node_modules/@githubnext/github-copilot-cli punycode@2.3.1 OK for: tough-cookie@4.1.4 want: ^2.1.1
1321 silly placeDep node_modules/@githubnext/github-copilot-cli universalify@0.2.0 OK for: tough-cookie@4.1.4 want: ^0.2.0
1322 silly placeDep node_modules/@githubnext/github-copilot-cli url-parse@1.5.10 OK for: tough-cookie@4.1.4 want: ^1.5.3
1323 silly fetch manifest punycode@^2.3.1
1324 silly packumentCache full:https://registry.npmjs.org/punycode cache-miss
1325 silly fetch manifest querystringify@^2.1.1
1326 silly packumentCache full:https://registry.npmjs.org/querystringify cache-miss
1327 silly fetch manifest requires-port@^1.0.0
1328 silly packumentCache full:https://registry.npmjs.org/requires-port cache-miss
1329 http cache https://registry.npmjs.org/punycode 30ms (cache hit)
1330 silly packumentCache full:https://registry.npmjs.org/punycode set size:61278 disposed:false
1331 http fetch GET 200 https://registry.npmjs.org/requires-port 45ms (cache miss)
1332 silly packumentCache full:https://registry.npmjs.org/requires-port set size:undefined disposed:false
1333 http fetch GET 200 https://registry.npmjs.org/querystringify 436ms (cache miss)
1334 silly packumentCache full:https://registry.npmjs.org/querystringify set size:undefined disposed:false
1335 silly placeDep node_modules/@githubnext/github-copilot-cli querystringify@2.2.0 OK for: url-parse@1.5.10 want: ^2.1.1
1336 silly placeDep node_modules/@githubnext/github-copilot-cli requires-port@1.0.0 OK for: url-parse@1.5.10 want: ^1.0.0
1337 silly placeDep node_modules/@githubnext/github-copilot-cli defaults@1.0.4 OK for: wcwidth@1.0.1 want: ^1.0.3
1338 silly fetch manifest clone@^1.0.2
1339 silly packumentCache full:https://registry.npmjs.org/clone cache-miss
1340 http fetch GET 200 https://registry.npmjs.org/clone 507ms (cache miss)
1341 silly packumentCache full:https://registry.npmjs.org/clone set size:undefined disposed:false
1342 silly placeDep node_modules/@githubnext/github-copilot-cli clone@1.0.4 OK for: defaults@1.0.4 want: ^1.0.2
1343 silly placeDep node_modules/@githubnext/github-copilot-cli cliui@7.0.4 OK for: yargs@16.2.2 want: ^7.0.2
1344 silly placeDep node_modules/@githubnext/github-copilot-cli escalade@3.2.0 OK for: yargs@16.2.2 want: ^3.1.1
1345 silly placeDep node_modules/@githubnext/github-copilot-cli get-caller-file@2.0.5 OK for: yargs@16.2.2 want: ^2.0.5
1346 silly placeDep node_modules/@githubnext/github-copilot-cli require-directory@2.1.1 OK for: yargs@16.2.2 want: ^2.1.1
1347 silly placeDep node_modules/@githubnext/github-copilot-cli y18n@5.0.8 OK for: yargs@16.2.2 want: ^5.0.5
1348 silly placeDep node_modules/@githubnext/github-copilot-cli yargs-parser@20.2.9 OK for: yargs@16.2.2 want: ^20.2.2
1349 silly fetch manifest wrap-ansi@^7.0.0
1350 silly packumentCache full:https://registry.npmjs.org/wrap-ansi cache-miss
1351 http cache https://registry.npmjs.org/wrap-ansi 30ms (cache hit)
1352 silly packumentCache full:https://registry.npmjs.org/wrap-ansi set size:55299 disposed:false
1353 silly placeDep node_modules/@githubnext/github-copilot-cli/node_modules/cliui wrap-ansi@7.0.0 OK for: cliui@7.0.4 want: ^7.0.0
1354 silly placeDep node_modules/@githubnext/github-copilot-cli @types/yoga-layout@1.9.2 OK for: yoga-layout-prebuilt@1.10.0 want: 1.9.2
1355 silly fetch manifest react@>=16.8
1356 silly packumentCache full:https://registry.npmjs.org/react cache-miss
1357 http cache https://registry.npmjs.org/react 78ms (cache hit)
1358 silly packumentCache full:https://registry.npmjs.org/react set size:6839707 disposed:false
1359 silly placeDep node_modules/@githubnext/github-copilot-cli use-sync-external-store@1.6.0 OK for: zustand@4.5.7 want: ^1.2.2
1360 silly fetch manifest @opentelemetry/api@>=1.3.0 <1.10.0
1361 silly packumentCache full:https://registry.npmjs.org/@opentelemetry%2fapi cache-hit
1362 silly placeDep node_modules/@githubnext/github-copilot-cli/node_modules/@opentelemetry/sdk-trace-web @opentelemetry/resources@2.10.0 OK for: @opentelemetry/sdk-trace-base@2.10.0 want: 2.10.0
1363 silly placeDep node_modules/@githubnext/github-copilot-cli @opentelemetry/sdk-trace@2.10.0 OK for: @opentelemetry/sdk-trace-base@2.10.0 want: 2.10.0
1364 silly placeDep node_modules/@githubnext/github-copilot-cli/node_modules/@opentelemetry/sdk-trace @opentelemetry/core@2.10.0 OK for: @opentelemetry/sdk-trace@2.10.0 want: 2.10.0
1365 silly placeDep node_modules/@githubnext/github-copilot-cli/node_modules/@opentelemetry/sdk-trace @opentelemetry/resources@2.10.0 OK for: @opentelemetry/sdk-trace@2.10.0 want: 2.10.0
1366 silly placeDep node_modules/@githubnext/github-copilot-cli/node_modules/axios agent-base@6.0.2 OK for: https-proxy-agent@5.0.1 want: 6
1367 silly placeDep node_modules/@githubnext/github-copilot-cli/node_modules/inquirer bl@4.1.0 OK for: ora@5.4.1 want: ^4.1.0
1368 silly placeDep node_modules/@githubnext/github-copilot-cli/node_modules/inquirer chalk@4.1.2 OK for: ora@5.4.1 want: ^4.1.0
1369 silly placeDep node_modules/@githubnext/github-copilot-cli/node_modules/inquirer is-interactive@1.0.0 OK for: ora@5.4.1 want: ^1.0.0
1370 silly placeDep node_modules/@githubnext/github-copilot-cli/node_modules/inquirer is-unicode-supported@0.1.0 OK for: ora@5.4.1 want: ^0.1.0
1371 silly placeDep node_modules/@githubnext/github-copilot-cli/node_modules/inquirer log-symbols@4.1.0 OK for: ora@5.4.1 want: ^4.1.0
1372 silly fetch manifest buffer@^5.5.0
1373 silly packumentCache full:https://registry.npmjs.org/buffer cache-miss
1374 http cache https://registry.npmjs.org/buffer 19ms (cache hit)
1375 silly packumentCache full:https://registry.npmjs.org/buffer set size:280480 disposed:false
1376 silly placeDep node_modules/@githubnext/github-copilot-cli/node_modules/inquirer buffer@5.7.1 OK for: bl@4.1.0 want: ^5.5.0
1377 silly placeDep node_modules/@githubnext/github-copilot-cli/node_modules/ora restore-cursor@4.0.0 OK for: cli-cursor@4.0.0 want: ^4.0.0
1378 silly placeDep node_modules/@githubnext/github-copilot-cli/node_modules/ora ansi-regex@6.2.2 OK for: strip-ansi@7.2.0 want: ^6.2.2
1379 silly reify moves {}
1380 http cache @githubnext/github-copilot-cli@https://registry.npmjs.org/@githubnext/github-copilot-cli/-/github-copilot-cli-0.1.36.tgz 0ms (cache hit)
1381 http cache @opentelemetry/sdk-trace@https://registry.npmjs.org/@opentelemetry/sdk-trace/-/sdk-trace-2.10.0.tgz 1ms (cache hit)
1382 http cache use-sync-external-store@https://registry.npmjs.org/use-sync-external-store/-/use-sync-external-store-1.6.0.tgz 0ms (cache hit)
1383 http cache yargs-parser@https://registry.npmjs.org/yargs-parser/-/yargs-parser-20.2.9.tgz 0ms (cache hit)
1384 http cache @opentelemetry/resources@https://registry.npmjs.org/@opentelemetry/resources/-/resources-2.10.0.tgz 0ms (cache hit)
1385 http cache @types/yoga-layout@https://registry.npmjs.org/@types/yoga-layout/-/yoga-layout-1.9.2.tgz 0ms (cache hit)
1386 http cache y18n@https://registry.npmjs.org/y18n/-/y18n-5.0.8.tgz 0ms (cache hit)
1387 http cache @opentelemetry/core@https://registry.npmjs.org/@opentelemetry/core/-/core-2.10.0.tgz 0ms (cache hit)
1388 http cache require-directory@https://registry.npmjs.org/require-directory/-/require-directory-2.1.1.tgz 0ms (cache hit)
1389 http cache get-caller-file@https://registry.npmjs.org/get-caller-file/-/get-caller-file-2.0.5.tgz 0ms (cache hit)
1390 http cache escalade@https://registry.npmjs.org/escalade/-/escalade-3.2.0.tgz 0ms (cache hit)
1391 http cache cliui@https://registry.npmjs.org/cliui/-/cliui-7.0.4.tgz 0ms (cache hit)
1392 http cache wrap-ansi@https://registry.npmjs.org/wrap-ansi/-/wrap-ansi-7.0.0.tgz 0ms (cache hit)
1393 http cache clone@https://registry.npmjs.org/clone/-/clone-1.0.4.tgz 1ms (cache hit)
1394 http cache defaults@https://registry.npmjs.org/defaults/-/defaults-1.0.4.tgz 1ms (cache hit)
1395 http cache requires-port@https://registry.npmjs.org/requires-port/-/requires-port-1.0.0.tgz 0ms (cache hit)
1396 http cache querystringify@https://registry.npmjs.org/querystringify/-/querystringify-2.2.0.tgz 0ms (cache hit)
1397 http cache url-parse@https://registry.npmjs.org/url-parse/-/url-parse-1.5.10.tgz 0ms (cache hit)
1398 http cache universalify@https://registry.npmjs.org/universalify/-/universalify-0.2.0.tgz 0ms (cache hit)
1399 http cache punycode@https://registry.npmjs.org/punycode/-/punycode-2.3.1.tgz 0ms (cache hit)
1400 http cache psl@https://registry.npmjs.org/psl/-/psl-1.15.0.tgz 0ms (cache hit)
1401 http cache thenify@https://registry.npmjs.org/thenify/-/thenify-3.3.1.tgz 0ms (cache hit)
1402 http cache supports-color@https://registry.npmjs.org/supports-color/-/supports-color-7.2.0.tgz 0ms (cache hit)
1403 http cache has-flag@https://registry.npmjs.org/has-flag/-/has-flag-4.0.0.tgz 0ms (cache hit)
1404 http cache ansi-regex@https://registry.npmjs.org/ansi-regex/-/ansi-regex-5.0.1.tgz 0ms (cache hit)
1405 http cache emoji-regex@https://registry.npmjs.org/emoji-regex/-/emoji-regex-8.0.0.tgz 0ms (cache hit)
1406 http cache safe-buffer@https://registry.npmjs.org/safe-buffer/-/safe-buffer-5.2.1.tgz 0ms (cache hit)
1407 http cache util-deprecate@https://registry.npmjs.org/util-deprecate/-/util-deprecate-1.0.2.tgz 0ms (cache hit)
1408 http cache string_decoder@https://registry.npmjs.org/string_decoder/-/string_decoder-1.3.0.tgz 0ms (cache hit)
1409 http cache ieee754@https://registry.npmjs.org/ieee754/-/ieee754-1.2.1.tgz 0ms (cache hit)
1410 http cache base64-js@https://registry.npmjs.org/base64-js/-/base64-js-1.5.1.tgz 0ms (cache hit)
1411 http cache readable-stream@https://registry.npmjs.org/readable-stream/-/readable-stream-3.6.2.tgz 1ms (cache hit)
1412 http cache buffer@https://registry.npmjs.org/buffer/-/buffer-6.0.3.tgz 0ms (cache hit)
1413 http cache bl@https://registry.npmjs.org/bl/-/bl-5.1.0.tgz 0ms (cache hit)
1414 http cache color-name@https://registry.npmjs.org/color-name/-/color-name-1.1.4.tgz 0ms (cache hit)
1415 http cache color-convert@https://registry.npmjs.org/color-convert/-/color-convert-2.0.1.tgz 0ms (cache hit)
1416 http cache is-fullwidth-code-point@https://registry.npmjs.org/is-fullwidth-code-point/-/is-fullwidth-code-point-3.0.0.tgz 0ms (cache hit)
1417 http cache astral-regex@https://registry.npmjs.org/astral-regex/-/astral-regex-2.0.0.tgz 0ms (cache hit)
1418 http cache concat-map@https://registry.npmjs.org/concat-map/-/concat-map-0.0.1.tgz 0ms (cache hit)
1419 http cache ansi-styles@https://registry.npmjs.org/ansi-styles/-/ansi-styles-4.3.0.tgz 0ms (cache hit)
1420 http cache balanced-match@https://registry.npmjs.org/balanced-match/-/balanced-match-1.0.2.tgz 1ms (cache hit)
1421 http cache brace-expansion@https://registry.npmjs.org/brace-expansion/-/brace-expansion-1.1.16.tgz 0ms (cache hit)
1422 http cache wrappy@https://registry.npmjs.org/wrappy/-/wrappy-1.0.2.tgz 0ms (cache hit)
1423 http cache path-is-absolute@https://registry.npmjs.org/path-is-absolute/-/path-is-absolute-1.0.1.tgz 0ms (cache hit)
1424 http cache once@https://registry.npmjs.org/once/-/once-1.4.0.tgz 0ms (cache hit)
1425 http cache minimatch@https://registry.npmjs.org/minimatch/-/minimatch-3.1.5.tgz 0ms (cache hit)
1426 http cache inherits@https://registry.npmjs.org/inherits/-/inherits-2.0.4.tgz 0ms (cache hit)
1427 http cache inflight@https://registry.npmjs.org/inflight/-/inflight-1.0.6.tgz 0ms (cache hit)
1428 http cache fs.realpath@https://registry.npmjs.org/fs.realpath/-/fs.realpath-1.0.0.tgz 0ms (cache hit)
1429 http cache glob@https://registry.npmjs.org/glob/-/glob-7.2.3.tgz 0ms (cache hit)
1430 http cache mimic-fn@https://registry.npmjs.org/mimic-fn/-/mimic-fn-2.1.0.tgz 0ms (cache hit)
1431 http cache onetime@https://registry.npmjs.org/onetime/-/onetime-5.1.2.tgz 0ms (cache hit)
1432 http cache esprima@https://registry.npmjs.org/esprima/-/esprima-4.0.1.tgz 0ms (cache hit)
1433 http cache big-integer@https://registry.npmjs.org/big-integer/-/big-integer-1.6.52.tgz 1ms (cache hit)
1434 http cache remove-accents@https://registry.npmjs.org/remove-accents/-/remove-accents-0.5.0.tgz 0ms (cache hit)
1435 http cache unload@https://registry.npmjs.org/unload/-/unload-2.2.0.tgz 0ms (cache hit)
1436 http cache rimraf@https://registry.npmjs.org/rimraf/-/rimraf-3.0.2.tgz 0ms (cache hit)
1437 http cache oblivious-set@https://registry.npmjs.org/oblivious-set/-/oblivious-set-1.0.0.tgz 2ms (cache hit)
1438 http cache nano-time@https://registry.npmjs.org/nano-time/-/nano-time-1.0.0.tgz 0ms (cache hit)
1439 http cache microseconds@https://registry.npmjs.org/microseconds/-/microseconds-0.2.0.tgz 0ms (cache hit)
1440 http cache js-sha3@https://registry.npmjs.org/js-sha3/-/js-sha3-0.8.0.tgz 0ms (cache hit)
1441 http cache detect-node@https://registry.npmjs.org/detect-node/-/detect-node-2.1.0.tgz 0ms (cache hit)
1442 http cache match-sorter@https://registry.npmjs.org/match-sorter/-/match-sorter-6.3.4.tgz 0ms (cache hit)
1443 http cache broadcast-channel@https://registry.npmjs.org/broadcast-channel/-/broadcast-channel-3.7.0.tgz 1ms (cache hit)
1444 http cache shell-quote@https://registry.npmjs.org/shell-quote/-/shell-quote-1.10.0.tgz 0ms (cache hit)
1445 http cache @babel/runtime@https://registry.npmjs.org/@babel/runtime/-/runtime-7.29.7.tgz 0ms (cache hit)
1446 http cache js-tokens@https://registry.npmjs.org/js-tokens/-/js-tokens-4.0.0.tgz 0ms (cache hit)
1447 http cache react-is@https://registry.npmjs.org/react-is/-/react-is-16.13.1.tgz 0ms (cache hit)
1448 http cache loose-envify@https://registry.npmjs.org/loose-envify/-/loose-envify-1.4.0.tgz 0ms (cache hit)
1449 http cache wcwidth@https://registry.npmjs.org/wcwidth/-/wcwidth-1.0.1.tgz 0ms (cache hit)
1450 http cache stdin-discarder@https://registry.npmjs.org/stdin-discarder/-/stdin-discarder-0.1.0.tgz 0ms (cache hit)
1451 http cache log-symbols@https://registry.npmjs.org/log-symbols/-/log-symbols-5.1.0.tgz 0ms (cache hit)
1452 http cache is-unicode-supported@https://registry.npmjs.org/is-unicode-supported/-/is-unicode-supported-1.3.0.tgz 0ms (cache hit)
1453 http cache is-interactive@https://registry.npmjs.org/is-interactive/-/is-interactive-2.0.0.tgz 0ms (cache hit)
1454 http cache thenify-all@https://registry.npmjs.org/thenify-all/-/thenify-all-1.6.0.tgz 0ms (cache hit)
1455 http cache object-assign@https://registry.npmjs.org/object-assign/-/object-assign-4.1.1.tgz 0ms (cache hit)
1456 http cache any-promise@https://registry.npmjs.org/any-promise/-/any-promise-1.3.0.tgz 0ms (cache hit)
1457 http cache mime-db@https://registry.npmjs.org/mime-db/-/mime-db-1.52.0.tgz 0ms (cache hit)
1458 http cache redeyed@https://registry.npmjs.org/redeyed/-/redeyed-2.1.1.tgz 0ms (cache hit)
1459 http cache @colors/colors@https://registry.npmjs.org/@colors/colors/-/colors-1.5.0.tgz 1ms (cache hit)
1460 http cache ansicolors@https://registry.npmjs.org/ansicolors/-/ansicolors-0.3.2.tgz 0ms (cache hit)
1461 http cache supports-hyperlinks@https://registry.npmjs.org/supports-hyperlinks/-/supports-hyperlinks-2.3.0.tgz 0ms (cache hit)
1462 http cache node-emoji@https://registry.npmjs.org/node-emoji/-/node-emoji-1.11.0.tgz 0ms (cache hit)
1463 http cache cli-table3@https://registry.npmjs.org/cli-table3/-/cli-table3-0.6.5.tgz 0ms (cache hit)
1464 http cache cardinal@https://registry.npmjs.org/cardinal/-/cardinal-2.1.1.tgz 1ms (cache hit)
1465 http cache ci-info@https://registry.npmjs.org/ci-info/-/ci-info-2.0.0.tgz 0ms (cache hit)
1466 http cache safer-buffer@https://registry.npmjs.org/safer-buffer/-/safer-buffer-2.1.2.tgz 1ms (cache hit)
1467 http cache iconv-lite@https://registry.npmjs.org/iconv-lite/-/iconv-lite-0.7.3.tgz 0ms (cache hit)
1468 http cache chardet@https://registry.npmjs.org/chardet/-/chardet-2.2.0.tgz 0ms (cache hit)
1469 http cache yoctocolors-cjs@https://registry.npmjs.org/yoctocolors-cjs/-/yoctocolors-cjs-2.1.3.tgz 0ms (cache hit)
1470 http cache strip-ansi@https://registry.npmjs.org/strip-ansi/-/strip-ansi-6.0.1.tgz 0ms (cache hit)
1471 http cache rxjs@https://registry.npmjs.org/rxjs/-/rxjs-7.8.2.tgz 0ms (cache hit)
1472 http cache run-async@https://registry.npmjs.org/run-async/-/run-async-3.0.0.tgz 0ms (cache hit)
1473 http cache cli-width@https://registry.npmjs.org/cli-width/-/cli-width-4.1.0.tgz 0ms (cache hit)
1474 http cache mute-stream@https://registry.npmjs.org/mute-stream/-/mute-stream-1.0.0.tgz 0ms (cache hit)
1475 http cache cli-spinners@https://registry.npmjs.org/cli-spinners/-/cli-spinners-2.9.2.tgz 0ms (cache hit)
1476 http cache @inquirer/figures@https://registry.npmjs.org/@inquirer/figures/-/figures-1.0.15.tgz 0ms (cache hit)
1477 http cache escape-string-regexp@https://registry.npmjs.org/escape-string-regexp/-/escape-string-regexp-1.0.5.tgz 0ms (cache hit)
1478 http cache lodash.isequal@https://registry.npmjs.org/lodash.isequal/-/lodash.isequal-4.5.0.tgz 0ms (cache hit)
1479 http cache figures@https://registry.npmjs.org/figures/-/figures-3.2.0.tgz 0ms (cache hit)
1480 http cache arr-rotate@https://registry.npmjs.org/arr-rotate/-/arr-rotate-1.0.0.tgz 0ms (cache hit)
1481 http cache prop-types@https://registry.npmjs.org/prop-types/-/prop-types-15.8.1.tgz 0ms (cache hit)
1482 http cache convert-to-spaces@https://registry.npmjs.org/convert-to-spaces/-/convert-to-spaces-1.0.2.tgz 0ms (cache hit)
1483 http cache yoga-layout-prebuilt@https://registry.npmjs.org/yoga-layout-prebuilt/-/yoga-layout-prebuilt-1.10.0.tgz 0ms (cache hit)
1484 http cache restore-cursor@https://registry.npmjs.org/restore-cursor/-/restore-cursor-3.1.0.tgz 0ms (cache hit)
1485 http cache @inquirer/external-editor@https://registry.npmjs.org/@inquirer/external-editor/-/external-editor-1.0.3.tgz 1ms (cache hit)
1486 http cache wrap-ansi@https://registry.npmjs.org/wrap-ansi/-/wrap-ansi-6.2.0.tgz 0ms (cache hit)
1487 http cache ws@https://registry.npmjs.org/ws/-/ws-7.5.13.tgz 0ms (cache hit)
1488 http cache widest-line@https://registry.npmjs.org/widest-line/-/widest-line-3.1.0.tgz 0ms (cache hit)
1489 http cache type-fest@https://registry.npmjs.org/type-fest/-/type-fest-0.12.0.tgz 0ms (cache hit)
1490 http cache string-width@https://registry.npmjs.org/string-width/-/string-width-4.2.3.tgz 0ms (cache hit)
1491 http cache stack-utils@https://registry.npmjs.org/stack-utils/-/stack-utils-2.0.6.tgz 1ms (cache hit)
1492 http cache escape-string-regexp@https://registry.npmjs.org/escape-string-regexp/-/escape-string-regexp-2.0.0.tgz 0ms (cache hit)
1493 http cache slice-ansi@https://registry.npmjs.org/slice-ansi/-/slice-ansi-3.0.0.tgz 0ms (cache hit)
1494 http cache signal-exit@https://registry.npmjs.org/signal-exit/-/signal-exit-3.0.7.tgz 0ms (cache hit)
1495 http cache scheduler@https://registry.npmjs.org/scheduler/-/scheduler-0.20.2.tgz 0ms (cache hit)
1496 http cache react-reconciler@https://registry.npmjs.org/react-reconciler/-/react-reconciler-0.26.2.tgz 0ms (cache hit)
1497 http cache patch-console@https://registry.npmjs.org/patch-console/-/patch-console-1.0.0.tgz 0ms (cache hit)
1498 http cache lodash@https://registry.npmjs.org/lodash/-/lodash-4.18.1.tgz 1ms (cache hit)
1499 http cache is-ci@https://registry.npmjs.org/is-ci/-/is-ci-2.0.0.tgz 0ms (cache hit)
1500 http cache indent-string@https://registry.npmjs.org/indent-string/-/indent-string-4.0.0.tgz 0ms (cache hit)
1501 http cache code-excerpt@https://registry.npmjs.org/code-excerpt/-/code-excerpt-3.0.0.tgz 0ms (cache hit)
1502 http cache cli-truncate@https://registry.npmjs.org/cli-truncate/-/cli-truncate-2.1.0.tgz 0ms (cache hit)
1503 http cache cli-cursor@https://registry.npmjs.org/cli-cursor/-/cli-cursor-3.1.0.tgz 0ms (cache hit)
1504 http cache cli-boxes@https://registry.npmjs.org/cli-boxes/-/cli-boxes-2.2.1.tgz 1ms (cache hit)
1505 http cache auto-bind@https://registry.npmjs.org/auto-bind/-/auto-bind-4.0.0.tgz 0ms (cache hit)
1506 http cache ansi-escapes@https://registry.npmjs.org/ansi-escapes/-/ansi-escapes-4.3.2.tgz 0ms (cache hit)
1507 http cache type-fest@https://registry.npmjs.org/type-fest/-/type-fest-0.21.3.tgz 0ms (cache hit)
1508 http cache module-details-from-path@https://registry.npmjs.org/module-details-from-path/-/module-details-from-path-1.0.4.tgz 0ms (cache hit)
1509 http cache cjs-module-lexer@https://registry.npmjs.org/cjs-module-lexer/-/cjs-module-lexer-2.2.0.tgz 0ms (cache hit)
1510 http cache acorn-import-attributes@https://registry.npmjs.org/acorn-import-attributes/-/acorn-import-attributes-1.9.5.tgz 0ms (cache hit)
1511 http cache acorn@https://registry.npmjs.org/acorn/-/acorn-8.18.0.tgz 0ms (cache hit)
1512 http cache debug@https://registry.npmjs.org/debug/-/debug-4.4.3.tgz 0ms (cache hit)
1513 http cache ms@https://registry.npmjs.org/ms/-/ms-2.1.3.tgz 0ms (cache hit)
1514 http cache agent-base@https://registry.npmjs.org/agent-base/-/agent-base-7.1.4.tgz 0ms (cache hit)
1515 http cache dunder-proto@https://registry.npmjs.org/dunder-proto/-/dunder-proto-1.0.1.tgz 0ms (cache hit)
1516 http cache math-intrinsics@https://registry.npmjs.org/math-intrinsics/-/math-intrinsics-1.1.0.tgz 0ms (cache hit)
1517 http cache has-symbols@https://registry.npmjs.org/has-symbols/-/has-symbols-1.1.0.tgz 0ms (cache hit)
1518 http cache gopd@https://registry.npmjs.org/gopd/-/gopd-1.2.0.tgz 0ms (cache hit)
1519 http cache get-proto@https://registry.npmjs.org/get-proto/-/get-proto-1.0.1.tgz 0ms (cache hit)
1520 http cache function-bind@https://registry.npmjs.org/function-bind/-/function-bind-1.1.2.tgz 0ms (cache hit)
1521 http cache es-object-atoms@https://registry.npmjs.org/es-object-atoms/-/es-object-atoms-1.1.2.tgz 0ms (cache hit)
1522 http cache es-define-property@https://registry.npmjs.org/es-define-property/-/es-define-property-1.0.1.tgz 0ms (cache hit)
1523 http cache call-bind-apply-helpers@https://registry.npmjs.org/call-bind-apply-helpers/-/call-bind-apply-helpers-1.0.2.tgz 0ms (cache hit)
1524 http cache has-tostringtag@https://registry.npmjs.org/has-tostringtag/-/has-tostringtag-1.0.2.tgz 0ms (cache hit)
1525 http cache get-intrinsic@https://registry.npmjs.org/get-intrinsic/-/get-intrinsic-1.3.0.tgz 0ms (cache hit)
1526 http cache es-errors@https://registry.npmjs.org/es-errors/-/es-errors-1.3.0.tgz 0ms (cache hit)
1527 http cache delayed-stream@https://registry.npmjs.org/delayed-stream/-/delayed-stream-1.0.0.tgz 0ms (cache hit)
1528 http cache hasown@https://registry.npmjs.org/hasown/-/hasown-2.0.4.tgz 0ms (cache hit)
1529 http cache es-set-tostringtag@https://registry.npmjs.org/es-set-tostringtag/-/es-set-tostringtag-2.1.0.tgz 0ms (cache hit)
1530 http cache combined-stream@https://registry.npmjs.org/combined-stream/-/combined-stream-1.0.8.tgz 0ms (cache hit)
1531 http cache asynckit@https://registry.npmjs.org/asynckit/-/asynckit-0.4.0.tgz 0ms (cache hit)
1532 http cache mime-types@https://registry.npmjs.org/mime-types/-/mime-types-2.1.35.tgz 0ms (cache hit)
1533 http cache shimmer@https://registry.npmjs.org/shimmer/-/shimmer-1.2.1.tgz 0ms (cache hit)
1534 http cache async-listener@https://registry.npmjs.org/async-listener/-/async-listener-0.6.10.tgz 1ms (cache hit)
1535 http cache stack-chain@https://registry.npmjs.org/stack-chain/-/stack-chain-1.3.7.tgz 0ms (cache hit)
1536 http cache emitter-listener@https://registry.npmjs.org/emitter-listener/-/emitter-listener-1.1.2.tgz 0ms (cache hit)
1537 http cache async-hook-jl@https://registry.npmjs.org/async-hook-jl/-/async-hook-jl-1.7.6.tgz 0ms (cache hit)
1538 http cache yargs@https://registry.npmjs.org/yargs/-/yargs-16.2.2.tgz 1ms (cache hit)
1539 http cache parse5-htmlparser2-tree-adapter@https://registry.npmjs.org/parse5-htmlparser2-tree-adapter/-/parse5-htmlparser2-tree-adapter-6.0.1.tgz 0ms (cache hit)
1540 http cache parse5@https://registry.npmjs.org/parse5/-/parse5-6.0.1.tgz 0ms (cache hit)
1541 http cache mz@https://registry.npmjs.org/mz/-/mz-2.7.0.tgz 0ms (cache hit)
1542 http cache parse5@https://registry.npmjs.org/parse5/-/parse5-5.1.1.tgz 0ms (cache hit)
1543 http cache highlight.js@https://registry.npmjs.org/highlight.js/-/highlight.js-10.7.3.tgz 0ms (cache hit)
1544 http cache proxy-from-env@https://registry.npmjs.org/proxy-from-env/-/proxy-from-env-2.1.0.tgz 0ms (cache hit)
1545 http cache form-data@https://registry.npmjs.org/form-data/-/form-data-4.0.6.tgz 0ms (cache hit)
1546 http cache follow-redirects@https://registry.npmjs.org/follow-redirects/-/follow-redirects-1.16.0.tgz 0ms (cache hit)
1547 http cache @opentelemetry/resources@https://registry.npmjs.org/@opentelemetry/resources/-/resources-1.30.1.tgz 0ms (cache hit)
1548 http cache require-in-the-middle@https://registry.npmjs.org/require-in-the-middle/-/require-in-the-middle-8.0.1.tgz 0ms (cache hit)
1549 http cache @opentelemetry/semantic-conventions@https://registry.npmjs.org/@opentelemetry/semantic-conventions/-/semantic-conventions-1.28.0.tgz 0ms (cache hit)
1550 http cache import-in-the-middle@https://registry.npmjs.org/import-in-the-middle/-/import-in-the-middle-2.0.6.tgz 0ms (cache hit)
1551 http cache @opentelemetry/api-logs@https://registry.npmjs.org/@opentelemetry/api-logs/-/api-logs-0.211.0.tgz 0ms (cache hit)
1552 http cache @opentelemetry/sdk-trace-web@https://registry.npmjs.org/@opentelemetry/sdk-trace-web/-/sdk-trace-web-2.10.0.tgz 0ms (cache hit)
1553 http cache @opentelemetry/sdk-trace-base@https://registry.npmjs.org/@opentelemetry/sdk-trace-base/-/sdk-trace-base-2.10.0.tgz 0ms (cache hit)
1554 http cache @opentelemetry/resources@https://registry.npmjs.org/@opentelemetry/resources/-/resources-2.10.0.tgz 0ms (cache hit)
1555 http cache @opentelemetry/core@https://registry.npmjs.org/@opentelemetry/core/-/core-2.10.0.tgz 0ms (cache hit)
1556 http cache @opentelemetry/instrumentation@https://registry.npmjs.org/@opentelemetry/instrumentation/-/instrumentation-0.211.0.tgz 0ms (cache hit)
1557 http cache https-proxy-agent@https://registry.npmjs.org/https-proxy-agent/-/https-proxy-agent-7.0.6.tgz 0ms (cache hit)
1558 http cache @typespec/ts-http-runtime@https://registry.npmjs.org/@typespec/ts-http-runtime/-/ts-http-runtime-0.3.7.tgz 0ms (cache hit)
1559 http cache http-proxy-agent@https://registry.npmjs.org/http-proxy-agent/-/http-proxy-agent-7.0.2.tgz 0ms (cache hit)
1560 http cache @azure/logger@https://registry.npmjs.org/@azure/logger/-/logger-1.4.0.tgz 0ms (cache hit)
1561 http cache @azure/core-tracing@https://registry.npmjs.org/@azure/core-tracing/-/core-tracing-1.4.0.tgz 0ms (cache hit)
1562 http cache tslib@https://registry.npmjs.org/tslib/-/tslib-2.8.1.tgz 0ms (cache hit)
1563 http cache @azure/core-util@https://registry.npmjs.org/@azure/core-util/-/core-util-1.14.0.tgz 0ms (cache hit)
1564 http cache @azure/abort-controller@https://registry.npmjs.org/@azure/abort-controller/-/abort-controller-2.2.0.tgz 0ms (cache hit)
1565 http cache diagnostic-channel@https://registry.npmjs.org/diagnostic-channel/-/diagnostic-channel-1.1.1.tgz 0ms (cache hit)
1566 http cache diagnostic-channel-publishers@https://registry.npmjs.org/diagnostic-channel-publishers/-/diagnostic-channel-publishers-1.0.8.tgz 0ms (cache hit)
1567 http cache semver@https://registry.npmjs.org/semver/-/semver-7.8.5.tgz 0ms (cache hit)
1568 http cache continuation-local-storage@https://registry.npmjs.org/continuation-local-storage/-/continuation-local-storage-3.2.1.tgz 0ms (cache hit)
1569 http cache cls-hooked@https://registry.npmjs.org/cls-hooked/-/cls-hooked-4.2.2.tgz 0ms (cache hit)
1570 http cache @opentelemetry/semantic-conventions@https://registry.npmjs.org/@opentelemetry/semantic-conventions/-/semantic-conventions-1.43.0.tgz 0ms (cache hit)
1571 http cache @opentelemetry/sdk-trace-base@https://registry.npmjs.org/@opentelemetry/sdk-trace-base/-/sdk-trace-base-1.30.1.tgz 1ms (cache hit)
1572 http cache @opentelemetry/core@https://registry.npmjs.org/@opentelemetry/core/-/core-1.30.1.tgz 0ms (cache hit)
1573 http cache @opentelemetry/semantic-conventions@https://registry.npmjs.org/@opentelemetry/semantic-conventions/-/semantic-conventions-1.28.0.tgz 0ms (cache hit)
1574 http cache @opentelemetry/semantic-conventions@https://registry.npmjs.org/@opentelemetry/semantic-conventions/-/semantic-conventions-1.28.0.tgz 1ms (cache hit)
1575 http cache @microsoft/applicationinsights-web-snippet@https://registry.npmjs.org/@microsoft/applicationinsights-web-snippet/-/applicationinsights-web-snippet-1.0.1.tgz 0ms (cache hit)
1576 http cache @opentelemetry/api@https://registry.npmjs.org/@opentelemetry/api/-/api-1.9.1.tgz 0ms (cache hit)
1577 http cache @azure/opentelemetry-instrumentation-azure-sdk@https://registry.npmjs.org/@azure/opentelemetry-instrumentation-azure-sdk/-/opentelemetry-instrumentation-azure-sdk-1.0.0.tgz 0ms (cache hit)
1578 http cache @azure/core-rest-pipeline@https://registry.npmjs.org/@azure/core-rest-pipeline/-/core-rest-pipeline-1.16.3.tgz 0ms (cache hit)
1579 http cache @opentelemetry/core@https://registry.npmjs.org/@opentelemetry/core/-/core-2.10.0.tgz 0ms (cache hit)
1580 http cache @azure/core-auth@https://registry.npmjs.org/@azure/core-auth/-/core-auth-1.7.2.tgz 0ms (cache hit)
1581 http cache zustand@https://registry.npmjs.org/zustand/-/zustand-4.5.7.tgz 0ms (cache hit)
1582 http cache uuid@https://registry.npmjs.org/uuid/-/uuid-9.0.1.tgz 0ms (cache hit)
1583 http cache use-zustand@https://registry.npmjs.org/use-zustand/-/use-zustand-0.0.1.tgz 0ms (cache hit)
1584 http cache ts-dedent@https://registry.npmjs.org/ts-dedent/-/ts-dedent-2.3.0.tgz 0ms (cache hit)
1585 http cache tough-cookie@https://registry.npmjs.org/tough-cookie/-/tough-cookie-4.1.4.tgz 0ms (cache hit)
1586 http cache tiny-invariant@https://registry.npmjs.org/tiny-invariant/-/tiny-invariant-1.3.3.tgz 0ms (cache hit)
1587 http cache simple-update-notifier@https://registry.npmjs.org/simple-update-notifier/-/simple-update-notifier-1.1.0.tgz 0ms (cache hit)
1588 http cache semver@https://registry.npmjs.org/semver/-/semver-5.7.2.tgz 0ms (cache hit)
1589 http cache semver@https://registry.npmjs.org/semver/-/semver-7.0.0.tgz 0ms (cache hit)
1590 http cache react-query@https://registry.npmjs.org/react-query/-/react-query-3.39.3.tgz 0ms (cache hit)
1591 http cache react-dom@https://registry.npmjs.org/react-dom/-/react-dom-17.0.2.tgz 0ms (cache hit)
1592 http cache react-devtools-core@https://registry.npmjs.org/react-devtools-core/-/react-devtools-core-4.28.5.tgz 0ms (cache hit)
1593 http cache radash@https://registry.npmjs.org/radash/-/radash-9.5.0.tgz 1ms (cache hit)
1594 http cache ora@https://registry.npmjs.org/ora/-/ora-6.3.1.tgz 0ms (cache hit)
1595 http cache ansi-regex@https://registry.npmjs.org/ansi-regex/-/ansi-regex-6.2.2.tgz 0ms (cache hit)
1596 http cache restore-cursor@https://registry.npmjs.org/restore-cursor/-/restore-cursor-4.0.0.tgz 0ms (cache hit)
1597 http cache strip-ansi@https://registry.npmjs.org/strip-ansi/-/strip-ansi-7.2.0.tgz 0ms (cache hit)
1598 http cache cli-cursor@https://registry.npmjs.org/cli-cursor/-/cli-cursor-4.0.0.tgz 0ms (cache hit)
1599 http cache marked-terminal@https://registry.npmjs.org/marked-terminal/-/marked-terminal-5.2.0.tgz 0ms (cache hit)
1600 http cache marked@https://registry.npmjs.org/marked/-/marked-4.3.0.tgz 0ms (cache hit)
1601 http cache ansi-escapes@https://registry.npmjs.org/ansi-escapes/-/ansi-escapes-6.2.1.tgz 0ms (cache hit)
1602 http cache inquirer@https://registry.npmjs.org/inquirer/-/inquirer-9.3.8.tgz 0ms (cache hit)
1603 http cache buffer@https://registry.npmjs.org/buffer/-/buffer-5.7.1.tgz 0ms (cache hit)
1604 http cache is-unicode-supported@https://registry.npmjs.org/is-unicode-supported/-/is-unicode-supported-0.1.0.tgz 0ms (cache hit)
1605 http cache is-interactive@https://registry.npmjs.org/is-interactive/-/is-interactive-1.0.0.tgz 0ms (cache hit)
1606 http cache chalk@https://registry.npmjs.org/chalk/-/chalk-4.1.2.tgz 0ms (cache hit)
1607 http cache log-symbols@https://registry.npmjs.org/log-symbols/-/log-symbols-4.1.0.tgz 0ms (cache hit)
1608 http cache bl@https://registry.npmjs.org/bl/-/bl-4.1.0.tgz 0ms (cache hit)
1609 http cache ora@https://registry.npmjs.org/ora/-/ora-5.4.1.tgz 0ms (cache hit)
1610 http cache ink-text-input@https://registry.npmjs.org/ink-text-input/-/ink-text-input-4.0.3.tgz 0ms (cache hit)
1611 http cache type-fest@https://registry.npmjs.org/type-fest/-/type-fest-0.15.1.tgz 0ms (cache hit)
1612 http cache chalk@https://registry.npmjs.org/chalk/-/chalk-4.1.2.tgz 1ms (cache hit)
1613 http cache ink-spinner@https://registry.npmjs.org/ink-spinner/-/ink-spinner-4.0.3.tgz 0ms (cache hit)
1614 http cache ink-select-input@https://registry.npmjs.org/ink-select-input/-/ink-select-input-4.2.2.tgz 0ms (cache hit)
1615 http cache ink-divider@https://registry.npmjs.org/ink-divider/-/ink-divider-3.0.0.tgz 0ms (cache hit)
1616 http cache react@https://registry.npmjs.org/react/-/react-17.0.2.tgz 0ms (cache hit)
1617 http cache ink@https://registry.npmjs.org/ink/-/ink-3.2.0.tgz 0ms (cache hit)
1618 http cache chalk@https://registry.npmjs.org/chalk/-/chalk-4.1.2.tgz 0ms (cache hit)
1619 http cache immer@https://registry.npmjs.org/immer/-/immer-9.0.21.tgz 0ms (cache hit)
1620 http cache get-stream@https://registry.npmjs.org/get-stream/-/get-stream-6.0.1.tgz 0ms (cache hit)
1621 http cache commander@https://registry.npmjs.org/commander/-/commander-9.5.0.tgz 0ms (cache hit)
1622 http cache cli-highlight@https://registry.npmjs.org/cli-highlight/-/cli-highlight-2.1.11.tgz 0ms (cache hit)
1623 http cache chalk@https://registry.npmjs.org/chalk/-/chalk-5.6.2.tgz 0ms (cache hit)
1624 http cache axios@https://registry.npmjs.org/axios/-/axios-1.18.1.tgz 0ms (cache hit)
1625 http cache chalk@https://registry.npmjs.org/chalk/-/chalk-4.1.2.tgz 0ms (cache hit)
1626 http cache agent-base@https://registry.npmjs.org/agent-base/-/agent-base-6.0.2.tgz 0ms (cache hit)
1627 http cache applicationinsights@https://registry.npmjs.org/applicationinsights/-/applicationinsights-2.9.8.tgz 0ms (cache hit)
1628 http cache https-proxy-agent@https://registry.npmjs.org/https-proxy-agent/-/https-proxy-agent-5.0.1.tgz 0ms (cache hit)
1629 silly tarball no local data for @githubnext/github-copilot-cli@https://registry.npmjs.org/@githubnext/github-copilot-cli/-/github-copilot-cli-0.1.36.tgz. Extracting by manifest.
1630 silly tarball no local data for @opentelemetry/sdk-trace@https://registry.npmjs.org/@opentelemetry/sdk-trace/-/sdk-trace-2.10.0.tgz. Extracting by manifest.
1631 silly tarball no local data for use-sync-external-store@https://registry.npmjs.org/use-sync-external-store/-/use-sync-external-store-1.6.0.tgz. Extracting by manifest.
1632 silly tarball no local data for yargs-parser@https://registry.npmjs.org/yargs-parser/-/yargs-parser-20.2.9.tgz. Extracting by manifest.
1633 silly tarball no local data for @opentelemetry/resources@https://registry.npmjs.org/@opentelemetry/resources/-/resources-2.10.0.tgz. Extracting by manifest.
1634 silly tarball no local data for @types/yoga-layout@https://registry.npmjs.org/@types/yoga-layout/-/yoga-layout-1.9.2.tgz. Extracting by manifest.
1635 silly tarball no local data for y18n@https://registry.npmjs.org/y18n/-/y18n-5.0.8.tgz. Extracting by manifest.
1636 silly tarball no local data for @opentelemetry/core@https://registry.npmjs.org/@opentelemetry/core/-/core-2.10.0.tgz. Extracting by manifest.
1637 silly tarball no local data for require-directory@https://registry.npmjs.org/require-directory/-/require-directory-2.1.1.tgz. Extracting by manifest.
1638 silly tarball no local data for get-caller-file@https://registry.npmjs.org/get-caller-file/-/get-caller-file-2.0.5.tgz. Extracting by manifest.
1639 silly tarball no local data for escalade@https://registry.npmjs.org/escalade/-/escalade-3.2.0.tgz. Extracting by manifest.
1640 silly tarball no local data for cliui@https://registry.npmjs.org/cliui/-/cliui-7.0.4.tgz. Extracting by manifest.
1641 silly tarball no local data for wrap-ansi@https://registry.npmjs.org/wrap-ansi/-/wrap-ansi-7.0.0.tgz. Extracting by manifest.
1642 silly tarball no local data for clone@https://registry.npmjs.org/clone/-/clone-1.0.4.tgz. Extracting by manifest.
1643 silly tarball no local data for defaults@https://registry.npmjs.org/defaults/-/defaults-1.0.4.tgz. Extracting by manifest.
1644 silly tarball no local data for requires-port@https://registry.npmjs.org/requires-port/-/requires-port-1.0.0.tgz. Extracting by manifest.
1645 silly tarball no local data for querystringify@https://registry.npmjs.org/querystringify/-/querystringify-2.2.0.tgz. Extracting by manifest.
1646 silly tarball no local data for url-parse@https://registry.npmjs.org/url-parse/-/url-parse-1.5.10.tgz. Extracting by manifest.
1647 silly tarball no local data for universalify@https://registry.npmjs.org/universalify/-/universalify-0.2.0.tgz. Extracting by manifest.
1648 silly tarball no local data for punycode@https://registry.npmjs.org/punycode/-/punycode-2.3.1.tgz. Extracting by manifest.
1649 silly tarball no local data for psl@https://registry.npmjs.org/psl/-/psl-1.15.0.tgz. Extracting by manifest.
1650 silly tarball no local data for thenify@https://registry.npmjs.org/thenify/-/thenify-3.3.1.tgz. Extracting by manifest.
1651 silly tarball no local data for supports-color@https://registry.npmjs.org/supports-color/-/supports-color-7.2.0.tgz. Extracting by manifest.
1652 silly tarball no local data for has-flag@https://registry.npmjs.org/has-flag/-/has-flag-4.0.0.tgz. Extracting by manifest.
1653 silly tarball no local data for ansi-regex@https://registry.npmjs.org/ansi-regex/-/ansi-regex-5.0.1.tgz. Extracting by manifest.
1654 silly tarball no local data for emoji-regex@https://registry.npmjs.org/emoji-regex/-/emoji-regex-8.0.0.tgz. Extracting by manifest.
1655 silly tarball no local data for safe-buffer@https://registry.npmjs.org/safe-buffer/-/safe-buffer-5.2.1.tgz. Extracting by manifest.
1656 silly tarball no local data for util-deprecate@https://registry.npmjs.org/util-deprecate/-/util-deprecate-1.0.2.tgz. Extracting by manifest.
1657 silly tarball no local data for string_decoder@https://registry.npmjs.org/string_decoder/-/string_decoder-1.3.0.tgz. Extracting by manifest.
1658 silly tarball no local data for ieee754@https://registry.npmjs.org/ieee754/-/ieee754-1.2.1.tgz. Extracting by manifest.
1659 silly tarball no local data for base64-js@https://registry.npmjs.org/base64-js/-/base64-js-1.5.1.tgz. Extracting by manifest.
1660 silly tarball no local data for readable-stream@https://registry.npmjs.org/readable-stream/-/readable-stream-3.6.2.tgz. Extracting by manifest.
1661 silly tarball no local data for buffer@https://registry.npmjs.org/buffer/-/buffer-6.0.3.tgz. Extracting by manifest.
1662 silly tarball no local data for bl@https://registry.npmjs.org/bl/-/bl-5.1.0.tgz. Extracting by manifest.
1663 silly tarball no local data for color-name@https://registry.npmjs.org/color-name/-/color-name-1.1.4.tgz. Extracting by manifest.
1664 silly tarball no local data for color-convert@https://registry.npmjs.org/color-convert/-/color-convert-2.0.1.tgz. Extracting by manifest.
1665 silly tarball no local data for is-fullwidth-code-point@https://registry.npmjs.org/is-fullwidth-code-point/-/is-fullwidth-code-point-3.0.0.tgz. Extracting by manifest.
1666 silly tarball no local data for astral-regex@https://registry.npmjs.org/astral-regex/-/astral-regex-2.0.0.tgz. Extracting by manifest.
1667 silly tarball no local data for concat-map@https://registry.npmjs.org/concat-map/-/concat-map-0.0.1.tgz. Extracting by manifest.
1668 silly tarball no local data for ansi-styles@https://registry.npmjs.org/ansi-styles/-/ansi-styles-4.3.0.tgz. Extracting by manifest.
1669 silly tarball no local data for balanced-match@https://registry.npmjs.org/balanced-match/-/balanced-match-1.0.2.tgz. Extracting by manifest.
1670 silly tarball no local data for brace-expansion@https://registry.npmjs.org/brace-expansion/-/brace-expansion-1.1.16.tgz. Extracting by manifest.
1671 silly tarball no local data for wrappy@https://registry.npmjs.org/wrappy/-/wrappy-1.0.2.tgz. Extracting by manifest.
1672 silly tarball no local data for path-is-absolute@https://registry.npmjs.org/path-is-absolute/-/path-is-absolute-1.0.1.tgz. Extracting by manifest.
1673 silly tarball no local data for once@https://registry.npmjs.org/once/-/once-1.4.0.tgz. Extracting by manifest.
1674 silly tarball no local data for minimatch@https://registry.npmjs.org/minimatch/-/minimatch-3.1.5.tgz. Extracting by manifest.
1675 silly tarball no local data for inherits@https://registry.npmjs.org/inherits/-/inherits-2.0.4.tgz. Extracting by manifest.
1676 silly tarball no local data for inflight@https://registry.npmjs.org/inflight/-/inflight-1.0.6.tgz. Extracting by manifest.
1677 silly tarball no local data for fs.realpath@https://registry.npmjs.org/fs.realpath/-/fs.realpath-1.0.0.tgz. Extracting by manifest.
1678 silly tarball no local data for glob@https://registry.npmjs.org/glob/-/glob-7.2.3.tgz. Extracting by manifest.
1679 silly tarball no local data for mimic-fn@https://registry.npmjs.org/mimic-fn/-/mimic-fn-2.1.0.tgz. Extracting by manifest.
1680 silly tarball no local data for onetime@https://registry.npmjs.org/onetime/-/onetime-5.1.2.tgz. Extracting by manifest.
1681 silly tarball no local data for esprima@https://registry.npmjs.org/esprima/-/esprima-4.0.1.tgz. Extracting by manifest.
1682 silly tarball no local data for big-integer@https://registry.npmjs.org/big-integer/-/big-integer-1.6.52.tgz. Extracting by manifest.
1683 silly tarball no local data for remove-accents@https://registry.npmjs.org/remove-accents/-/remove-accents-0.5.0.tgz. Extracting by manifest.
1684 silly tarball no local data for unload@https://registry.npmjs.org/unload/-/unload-2.2.0.tgz. Extracting by manifest.
1685 silly tarball no local data for rimraf@https://registry.npmjs.org/rimraf/-/rimraf-3.0.2.tgz. Extracting by manifest.
1686 silly tarball no local data for oblivious-set@https://registry.npmjs.org/oblivious-set/-/oblivious-set-1.0.0.tgz. Extracting by manifest.
1687 silly tarball no local data for nano-time@https://registry.npmjs.org/nano-time/-/nano-time-1.0.0.tgz. Extracting by manifest.
1688 silly tarball no local data for microseconds@https://registry.npmjs.org/microseconds/-/microseconds-0.2.0.tgz. Extracting by manifest.
1689 silly tarball no local data for js-sha3@https://registry.npmjs.org/js-sha3/-/js-sha3-0.8.0.tgz. Extracting by manifest.
1690 silly tarball no local data for detect-node@https://registry.npmjs.org/detect-node/-/detect-node-2.1.0.tgz. Extracting by manifest.
1691 silly tarball no local data for match-sorter@https://registry.npmjs.org/match-sorter/-/match-sorter-6.3.4.tgz. Extracting by manifest.
1692 silly tarball no local data for broadcast-channel@https://registry.npmjs.org/broadcast-channel/-/broadcast-channel-3.7.0.tgz. Extracting by manifest.
1693 silly tarball no local data for shell-quote@https://registry.npmjs.org/shell-quote/-/shell-quote-1.10.0.tgz. Extracting by manifest.
1694 silly tarball no local data for @babel/runtime@https://registry.npmjs.org/@babel/runtime/-/runtime-7.29.7.tgz. Extracting by manifest.
1695 silly tarball no local data for js-tokens@https://registry.npmjs.org/js-tokens/-/js-tokens-4.0.0.tgz. Extracting by manifest.
1696 silly tarball no local data for react-is@https://registry.npmjs.org/react-is/-/react-is-16.13.1.tgz. Extracting by manifest.
1697 silly tarball no local data for loose-envify@https://registry.npmjs.org/loose-envify/-/loose-envify-1.4.0.tgz. Extracting by manifest.
1698 silly tarball no local data for wcwidth@https://registry.npmjs.org/wcwidth/-/wcwidth-1.0.1.tgz. Extracting by manifest.
1699 silly tarball no local data for stdin-discarder@https://registry.npmjs.org/stdin-discarder/-/stdin-discarder-0.1.0.tgz. Extracting by manifest.
1700 silly tarball no local data for log-symbols@https://registry.npmjs.org/log-symbols/-/log-symbols-5.1.0.tgz. Extracting by manifest.
1701 silly tarball no local data for is-unicode-supported@https://registry.npmjs.org/is-unicode-supported/-/is-unicode-supported-1.3.0.tgz. Extracting by manifest.
1702 silly tarball no local data for is-interactive@https://registry.npmjs.org/is-interactive/-/is-interactive-2.0.0.tgz. Extracting by manifest.
1703 silly tarball no local data for thenify-all@https://registry.npmjs.org/thenify-all/-/thenify-all-1.6.0.tgz. Extracting by manifest.
1704 silly tarball no local data for object-assign@https://registry.npmjs.org/object-assign/-/object-assign-4.1.1.tgz. Extracting by manifest.
1705 silly tarball no local data for any-promise@https://registry.npmjs.org/any-promise/-/any-promise-1.3.0.tgz. Extracting by manifest.
1706 silly tarball no local data for mime-db@https://registry.npmjs.org/mime-db/-/mime-db-1.52.0.tgz. Extracting by manifest.
1707 silly tarball no local data for redeyed@https://registry.npmjs.org/redeyed/-/redeyed-2.1.1.tgz. Extracting by manifest.
1708 silly tarball no local data for @colors/colors@https://registry.npmjs.org/@colors/colors/-/colors-1.5.0.tgz. Extracting by manifest.
1709 silly tarball no local data for ansicolors@https://registry.npmjs.org/ansicolors/-/ansicolors-0.3.2.tgz. Extracting by manifest.
1710 silly tarball no local data for supports-hyperlinks@https://registry.npmjs.org/supports-hyperlinks/-/supports-hyperlinks-2.3.0.tgz. Extracting by manifest.
1711 silly tarball no local data for node-emoji@https://registry.npmjs.org/node-emoji/-/node-emoji-1.11.0.tgz. Extracting by manifest.
1712 silly tarball no local data for cli-table3@https://registry.npmjs.org/cli-table3/-/cli-table3-0.6.5.tgz. Extracting by manifest.
1713 silly tarball no local data for cardinal@https://registry.npmjs.org/cardinal/-/cardinal-2.1.1.tgz. Extracting by manifest.
1714 silly tarball no local data for ci-info@https://registry.npmjs.org/ci-info/-/ci-info-2.0.0.tgz. Extracting by manifest.
1715 silly tarball no local data for safer-buffer@https://registry.npmjs.org/safer-buffer/-/safer-buffer-2.1.2.tgz. Extracting by manifest.
1716 silly tarball no local data for iconv-lite@https://registry.npmjs.org/iconv-lite/-/iconv-lite-0.7.3.tgz. Extracting by manifest.
1717 silly tarball no local data for chardet@https://registry.npmjs.org/chardet/-/chardet-2.2.0.tgz. Extracting by manifest.
1718 silly tarball no local data for yoctocolors-cjs@https://registry.npmjs.org/yoctocolors-cjs/-/yoctocolors-cjs-2.1.3.tgz. Extracting by manifest.
1719 silly tarball no local data for strip-ansi@https://registry.npmjs.org/strip-ansi/-/strip-ansi-6.0.1.tgz. Extracting by manifest.
1720 silly tarball no local data for rxjs@https://registry.npmjs.org/rxjs/-/rxjs-7.8.2.tgz. Extracting by manifest.
1721 silly tarball no local data for run-async@https://registry.npmjs.org/run-async/-/run-async-3.0.0.tgz. Extracting by manifest.
1722 silly tarball no local data for cli-width@https://registry.npmjs.org/cli-width/-/cli-width-4.1.0.tgz. Extracting by manifest.
1723 silly tarball no local data for mute-stream@https://registry.npmjs.org/mute-stream/-/mute-stream-1.0.0.tgz. Extracting by manifest.
1724 silly tarball no local data for cli-spinners@https://registry.npmjs.org/cli-spinners/-/cli-spinners-2.9.2.tgz. Extracting by manifest.
1725 silly tarball no local data for @inquirer/figures@https://registry.npmjs.org/@inquirer/figures/-/figures-1.0.15.tgz. Extracting by manifest.
1726 silly tarball no local data for escape-string-regexp@https://registry.npmjs.org/escape-string-regexp/-/escape-string-regexp-1.0.5.tgz. Extracting by manifest.
1727 silly tarball no local data for lodash.isequal@https://registry.npmjs.org/lodash.isequal/-/lodash.isequal-4.5.0.tgz. Extracting by manifest.
1728 silly tarball no local data for figures@https://registry.npmjs.org/figures/-/figures-3.2.0.tgz. Extracting by manifest.
1729 silly tarball no local data for arr-rotate@https://registry.npmjs.org/arr-rotate/-/arr-rotate-1.0.0.tgz. Extracting by manifest.
1730 silly tarball no local data for prop-types@https://registry.npmjs.org/prop-types/-/prop-types-15.8.1.tgz. Extracting by manifest.
1731 silly tarball no local data for convert-to-spaces@https://registry.npmjs.org/convert-to-spaces/-/convert-to-spaces-1.0.2.tgz. Extracting by manifest.
1732 silly tarball no local data for yoga-layout-prebuilt@https://registry.npmjs.org/yoga-layout-prebuilt/-/yoga-layout-prebuilt-1.10.0.tgz. Extracting by manifest.
1733 silly tarball no local data for restore-cursor@https://registry.npmjs.org/restore-cursor/-/restore-cursor-3.1.0.tgz. Extracting by manifest.
1734 silly tarball no local data for @inquirer/external-editor@https://registry.npmjs.org/@inquirer/external-editor/-/external-editor-1.0.3.tgz. Extracting by manifest.
1735 silly tarball no local data for wrap-ansi@https://registry.npmjs.org/wrap-ansi/-/wrap-ansi-6.2.0.tgz. Extracting by manifest.
1736 silly tarball no local data for ws@https://registry.npmjs.org/ws/-/ws-7.5.13.tgz. Extracting by manifest.
1737 silly tarball no local data for widest-line@https://registry.npmjs.org/widest-line/-/widest-line-3.1.0.tgz. Extracting by manifest.
1738 silly tarball no local data for type-fest@https://registry.npmjs.org/type-fest/-/type-fest-0.12.0.tgz. Extracting by manifest.
1739 silly tarball no local data for string-width@https://registry.npmjs.org/string-width/-/string-width-4.2.3.tgz. Extracting by manifest.
1740 silly tarball no local data for stack-utils@https://registry.npmjs.org/stack-utils/-/stack-utils-2.0.6.tgz. Extracting by manifest.
1741 silly tarball no local data for escape-string-regexp@https://registry.npmjs.org/escape-string-regexp/-/escape-string-regexp-2.0.0.tgz. Extracting by manifest.
1742 silly tarball no local data for slice-ansi@https://registry.npmjs.org/slice-ansi/-/slice-ansi-3.0.0.tgz. Extracting by manifest.
1743 silly tarball no local data for signal-exit@https://registry.npmjs.org/signal-exit/-/signal-exit-3.0.7.tgz. Extracting by manifest.
1744 silly tarball no local data for scheduler@https://registry.npmjs.org/scheduler/-/scheduler-0.20.2.tgz. Extracting by manifest.
1745 silly tarball no local data for react-reconciler@https://registry.npmjs.org/react-reconciler/-/react-reconciler-0.26.2.tgz. Extracting by manifest.
1746 silly tarball no local data for patch-console@https://registry.npmjs.org/patch-console/-/patch-console-1.0.0.tgz. Extracting by manifest.
1747 silly tarball no local data for lodash@https://registry.npmjs.org/lodash/-/lodash-4.18.1.tgz. Extracting by manifest.
1748 silly tarball no local data for is-ci@https://registry.npmjs.org/is-ci/-/is-ci-2.0.0.tgz. Extracting by manifest.
1749 silly tarball no local data for indent-string@https://registry.npmjs.org/indent-string/-/indent-string-4.0.0.tgz. Extracting by manifest.
1750 silly tarball no local data for code-excerpt@https://registry.npmjs.org/code-excerpt/-/code-excerpt-3.0.0.tgz. Extracting by manifest.
1751 silly tarball no local data for cli-truncate@https://registry.npmjs.org/cli-truncate/-/cli-truncate-2.1.0.tgz. Extracting by manifest.
1752 silly tarball no local data for cli-cursor@https://registry.npmjs.org/cli-cursor/-/cli-cursor-3.1.0.tgz. Extracting by manifest.
1753 silly tarball no local data for cli-boxes@https://registry.npmjs.org/cli-boxes/-/cli-boxes-2.2.1.tgz. Extracting by manifest.
1754 silly tarball no local data for auto-bind@https://registry.npmjs.org/auto-bind/-/auto-bind-4.0.0.tgz. Extracting by manifest.
1755 silly tarball no local data for ansi-escapes@https://registry.npmjs.org/ansi-escapes/-/ansi-escapes-4.3.2.tgz. Extracting by manifest.
1756 silly tarball no local data for type-fest@https://registry.npmjs.org/type-fest/-/type-fest-0.21.3.tgz. Extracting by manifest.
1757 silly tarball no local data for module-details-from-path@https://registry.npmjs.org/module-details-from-path/-/module-details-from-path-1.0.4.tgz. Extracting by manifest.
1758 silly tarball no local data for cjs-module-lexer@https://registry.npmjs.org/cjs-module-lexer/-/cjs-module-lexer-2.2.0.tgz. Extracting by manifest.
1759 silly tarball no local data for acorn-import-attributes@https://registry.npmjs.org/acorn-import-attributes/-/acorn-import-attributes-1.9.5.tgz. Extracting by manifest.
1760 silly tarball no local data for acorn@https://registry.npmjs.org/acorn/-/acorn-8.18.0.tgz. Extracting by manifest.
1761 silly tarball no local data for debug@https://registry.npmjs.org/debug/-/debug-4.4.3.tgz. Extracting by manifest.
1762 silly tarball no local data for ms@https://registry.npmjs.org/ms/-/ms-2.1.3.tgz. Extracting by manifest.
1763 silly tarball no local data for agent-base@https://registry.npmjs.org/agent-base/-/agent-base-7.1.4.tgz. Extracting by manifest.
1764 silly tarball no local data for dunder-proto@https://registry.npmjs.org/dunder-proto/-/dunder-proto-1.0.1.tgz. Extracting by manifest.
1765 silly tarball no local data for math-intrinsics@https://registry.npmjs.org/math-intrinsics/-/math-intrinsics-1.1.0.tgz. Extracting by manifest.
1766 silly tarball no local data for has-symbols@https://registry.npmjs.org/has-symbols/-/has-symbols-1.1.0.tgz. Extracting by manifest.
1767 silly tarball no local data for gopd@https://registry.npmjs.org/gopd/-/gopd-1.2.0.tgz. Extracting by manifest.
1768 silly tarball no local data for get-proto@https://registry.npmjs.org/get-proto/-/get-proto-1.0.1.tgz. Extracting by manifest.
1769 silly tarball no local data for function-bind@https://registry.npmjs.org/function-bind/-/function-bind-1.1.2.tgz. Extracting by manifest.
1770 silly tarball no local data for es-object-atoms@https://registry.npmjs.org/es-object-atoms/-/es-object-atoms-1.1.2.tgz. Extracting by manifest.
1771 silly tarball no local data for es-define-property@https://registry.npmjs.org/es-define-property/-/es-define-property-1.0.1.tgz. Extracting by manifest.
1772 silly tarball no local data for call-bind-apply-helpers@https://registry.npmjs.org/call-bind-apply-helpers/-/call-bind-apply-helpers-1.0.2.tgz. Extracting by manifest.
1773 silly tarball no local data for has-tostringtag@https://registry.npmjs.org/has-tostringtag/-/has-tostringtag-1.0.2.tgz. Extracting by manifest.
1774 silly tarball no local data for get-intrinsic@https://registry.npmjs.org/get-intrinsic/-/get-intrinsic-1.3.0.tgz. Extracting by manifest.
1775 silly tarball no local data for es-errors@https://registry.npmjs.org/es-errors/-/es-errors-1.3.0.tgz. Extracting by manifest.
1776 silly tarball no local data for delayed-stream@https://registry.npmjs.org/delayed-stream/-/delayed-stream-1.0.0.tgz. Extracting by manifest.
1777 silly tarball no local data for hasown@https://registry.npmjs.org/hasown/-/hasown-2.0.4.tgz. Extracting by manifest.
1778 silly tarball no local data for es-set-tostringtag@https://registry.npmjs.org/es-set-tostringtag/-/es-set-tostringtag-2.1.0.tgz. Extracting by manifest.
1779 silly tarball no local data for combined-stream@https://registry.npmjs.org/combined-stream/-/combined-stream-1.0.8.tgz. Extracting by manifest.
1780 silly tarball no local data for asynckit@https://registry.npmjs.org/asynckit/-/asynckit-0.4.0.tgz. Extracting by manifest.
1781 silly tarball no local data for mime-types@https://registry.npmjs.org/mime-types/-/mime-types-2.1.35.tgz. Extracting by manifest.
1782 silly tarball no local data for shimmer@https://registry.npmjs.org/shimmer/-/shimmer-1.2.1.tgz. Extracting by manifest.
1783 silly tarball no local data for async-listener@https://registry.npmjs.org/async-listener/-/async-listener-0.6.10.tgz. Extracting by manifest.
1784 silly tarball no local data for stack-chain@https://registry.npmjs.org/stack-chain/-/stack-chain-1.3.7.tgz. Extracting by manifest.
1785 silly tarball no local data for emitter-listener@https://registry.npmjs.org/emitter-listener/-/emitter-listener-1.1.2.tgz. Extracting by manifest.
1786 silly tarball no local data for async-hook-jl@https://registry.npmjs.org/async-hook-jl/-/async-hook-jl-1.7.6.tgz. Extracting by manifest.
1787 silly tarball no local data for yargs@https://registry.npmjs.org/yargs/-/yargs-16.2.2.tgz. Extracting by manifest.
1788 silly tarball no local data for parse5-htmlparser2-tree-adapter@https://registry.npmjs.org/parse5-htmlparser2-tree-adapter/-/parse5-htmlparser2-tree-adapter-6.0.1.tgz. Extracting by manifest.
1789 silly tarball no local data for parse5@https://registry.npmjs.org/parse5/-/parse5-6.0.1.tgz. Extracting by manifest.
1790 silly tarball no local data for mz@https://registry.npmjs.org/mz/-/mz-2.7.0.tgz. Extracting by manifest.
1791 silly tarball no local data for parse5@https://registry.npmjs.org/parse5/-/parse5-5.1.1.tgz. Extracting by manifest.
1792 silly tarball no local data for highlight.js@https://registry.npmjs.org/highlight.js/-/highlight.js-10.7.3.tgz. Extracting by manifest.
1793 silly tarball no local data for proxy-from-env@https://registry.npmjs.org/proxy-from-env/-/proxy-from-env-2.1.0.tgz. Extracting by manifest.
1794 silly tarball no local data for form-data@https://registry.npmjs.org/form-data/-/form-data-4.0.6.tgz. Extracting by manifest.
1795 silly tarball no local data for follow-redirects@https://registry.npmjs.org/follow-redirects/-/follow-redirects-1.16.0.tgz. Extracting by manifest.
1796 silly tarball no local data for @opentelemetry/resources@https://registry.npmjs.org/@opentelemetry/resources/-/resources-1.30.1.tgz. Extracting by manifest.
1797 silly tarball no local data for require-in-the-middle@https://registry.npmjs.org/require-in-the-middle/-/require-in-the-middle-8.0.1.tgz. Extracting by manifest.
1798 silly tarball no local data for @opentelemetry/semantic-conventions@https://registry.npmjs.org/@opentelemetry/semantic-conventions/-/semantic-conventions-1.28.0.tgz. Extracting by manifest.
1799 silly tarball no local data for import-in-the-middle@https://registry.npmjs.org/import-in-the-middle/-/import-in-the-middle-2.0.6.tgz. Extracting by manifest.
1800 silly tarball no local data for @opentelemetry/api-logs@https://registry.npmjs.org/@opentelemetry/api-logs/-/api-logs-0.211.0.tgz. Extracting by manifest.
1801 silly tarball no local data for @opentelemetry/sdk-trace-web@https://registry.npmjs.org/@opentelemetry/sdk-trace-web/-/sdk-trace-web-2.10.0.tgz. Extracting by manifest.
1802 silly tarball no local data for @opentelemetry/sdk-trace-base@https://registry.npmjs.org/@opentelemetry/sdk-trace-base/-/sdk-trace-base-2.10.0.tgz. Extracting by manifest.
1803 silly tarball no local data for @opentelemetry/resources@https://registry.npmjs.org/@opentelemetry/resources/-/resources-2.10.0.tgz. Extracting by manifest.
1804 silly tarball no local data for @opentelemetry/core@https://registry.npmjs.org/@opentelemetry/core/-/core-2.10.0.tgz. Extracting by manifest.
1805 silly tarball no local data for @opentelemetry/instrumentation@https://registry.npmjs.org/@opentelemetry/instrumentation/-/instrumentation-0.211.0.tgz. Extracting by manifest.
1806 silly tarball no local data for https-proxy-agent@https://registry.npmjs.org/https-proxy-agent/-/https-proxy-agent-7.0.6.tgz. Extracting by manifest.
1807 silly tarball no local data for @typespec/ts-http-runtime@https://registry.npmjs.org/@typespec/ts-http-runtime/-/ts-http-runtime-0.3.7.tgz. Extracting by manifest.
1808 silly tarball no local data for http-proxy-agent@https://registry.npmjs.org/http-proxy-agent/-/http-proxy-agent-7.0.2.tgz. Extracting by manifest.
1809 silly tarball no local data for @azure/logger@https://registry.npmjs.org/@azure/logger/-/logger-1.4.0.tgz. Extracting by manifest.
1810 silly tarball no local data for @azure/core-tracing@https://registry.npmjs.org/@azure/core-tracing/-/core-tracing-1.4.0.tgz. Extracting by manifest.
1811 silly tarball no local data for tslib@https://registry.npmjs.org/tslib/-/tslib-2.8.1.tgz. Extracting by manifest.
1812 silly tarball no local data for @azure/core-util@https://registry.npmjs.org/@azure/core-util/-/core-util-1.14.0.tgz. Extracting by manifest.
1813 silly tarball no local data for @azure/abort-controller@https://registry.npmjs.org/@azure/abort-controller/-/abort-controller-2.2.0.tgz. Extracting by manifest.
1814 silly tarball no local data for diagnostic-channel@https://registry.npmjs.org/diagnostic-channel/-/diagnostic-channel-1.1.1.tgz. Extracting by manifest.
1815 silly tarball no local data for diagnostic-channel-publishers@https://registry.npmjs.org/diagnostic-channel-publishers/-/diagnostic-channel-publishers-1.0.8.tgz. Extracting by manifest.
1816 silly tarball no local data for semver@https://registry.npmjs.org/semver/-/semver-7.8.5.tgz. Extracting by manifest.
1817 silly tarball no local data for continuation-local-storage@https://registry.npmjs.org/continuation-local-storage/-/continuation-local-storage-3.2.1.tgz. Extracting by manifest.
1818 silly tarball no local data for cls-hooked@https://registry.npmjs.org/cls-hooked/-/cls-hooked-4.2.2.tgz. Extracting by manifest.
1819 silly tarball no local data for @opentelemetry/semantic-conventions@https://registry.npmjs.org/@opentelemetry/semantic-conventions/-/semantic-conventions-1.43.0.tgz. Extracting by manifest.
1820 silly tarball no local data for @opentelemetry/sdk-trace-base@https://registry.npmjs.org/@opentelemetry/sdk-trace-base/-/sdk-trace-base-1.30.1.tgz. Extracting by manifest.
1821 silly tarball no local data for @opentelemetry/core@https://registry.npmjs.org/@opentelemetry/core/-/core-1.30.1.tgz. Extracting by manifest.
1822 silly tarball no local data for @opentelemetry/semantic-conventions@https://registry.npmjs.org/@opentelemetry/semantic-conventions/-/semantic-conventions-1.28.0.tgz. Extracting by manifest.
1823 silly tarball no local data for @opentelemetry/semantic-conventions@https://registry.npmjs.org/@opentelemetry/semantic-conventions/-/semantic-conventions-1.28.0.tgz. Extracting by manifest.
1824 silly tarball no local data for @microsoft/applicationinsights-web-snippet@https://registry.npmjs.org/@microsoft/applicationinsights-web-snippet/-/applicationinsights-web-snippet-1.0.1.tgz. Extracting by manifest.
1825 silly tarball no local data for @opentelemetry/api@https://registry.npmjs.org/@opentelemetry/api/-/api-1.9.1.tgz. Extracting by manifest.
1826 silly tarball no local data for @azure/opentelemetry-instrumentation-azure-sdk@https://registry.npmjs.org/@azure/opentelemetry-instrumentation-azure-sdk/-/opentelemetry-instrumentation-azure-sdk-1.0.0.tgz. Extracting by manifest.
1827 silly tarball no local data for @azure/core-rest-pipeline@https://registry.npmjs.org/@azure/core-rest-pipeline/-/core-rest-pipeline-1.16.3.tgz. Extracting by manifest.
1828 silly tarball no local data for @opentelemetry/core@https://registry.npmjs.org/@opentelemetry/core/-/core-2.10.0.tgz. Extracting by manifest.
1829 silly tarball no local data for @azure/core-auth@https://registry.npmjs.org/@azure/core-auth/-/core-auth-1.7.2.tgz. Extracting by manifest.
1830 silly tarball no local data for zustand@https://registry.npmjs.org/zustand/-/zustand-4.5.7.tgz. Extracting by manifest.
1831 silly tarball no local data for uuid@https://registry.npmjs.org/uuid/-/uuid-9.0.1.tgz. Extracting by manifest.
1832 silly tarball no local data for use-zustand@https://registry.npmjs.org/use-zustand/-/use-zustand-0.0.1.tgz. Extracting by manifest.
1833 silly tarball no local data for ts-dedent@https://registry.npmjs.org/ts-dedent/-/ts-dedent-2.3.0.tgz. Extracting by manifest.
1834 silly tarball no local data for tough-cookie@https://registry.npmjs.org/tough-cookie/-/tough-cookie-4.1.4.tgz. Extracting by manifest.
1835 silly tarball no local data for tiny-invariant@https://registry.npmjs.org/tiny-invariant/-/tiny-invariant-1.3.3.tgz. Extracting by manifest.
1836 silly tarball no local data for simple-update-notifier@https://registry.npmjs.org/simple-update-notifier/-/simple-update-notifier-1.1.0.tgz. Extracting by manifest.
1837 silly tarball no local data for semver@https://registry.npmjs.org/semver/-/semver-5.7.2.tgz. Extracting by manifest.
1838 silly tarball no local data for semver@https://registry.npmjs.org/semver/-/semver-7.0.0.tgz. Extracting by manifest.
1839 silly tarball no local data for react-query@https://registry.npmjs.org/react-query/-/react-query-3.39.3.tgz. Extracting by manifest.
1840 silly tarball no local data for react-dom@https://registry.npmjs.org/react-dom/-/react-dom-17.0.2.tgz. Extracting by manifest.
1841 silly tarball no local data for react-devtools-core@https://registry.npmjs.org/react-devtools-core/-/react-devtools-core-4.28.5.tgz. Extracting by manifest.
1842 silly tarball no local data for radash@https://registry.npmjs.org/radash/-/radash-9.5.0.tgz. Extracting by manifest.
1843 silly tarball no local data for ora@https://registry.npmjs.org/ora/-/ora-6.3.1.tgz. Extracting by manifest.
1844 silly tarball no local data for ansi-regex@https://registry.npmjs.org/ansi-regex/-/ansi-regex-6.2.2.tgz. Extracting by manifest.
1845 silly tarball no local data for restore-cursor@https://registry.npmjs.org/restore-cursor/-/restore-cursor-4.0.0.tgz. Extracting by manifest.
1846 silly tarball no local data for strip-ansi@https://registry.npmjs.org/strip-ansi/-/strip-ansi-7.2.0.tgz. Extracting by manifest.
1847 silly tarball no local data for cli-cursor@https://registry.npmjs.org/cli-cursor/-/cli-cursor-4.0.0.tgz. Extracting by manifest.
1848 silly tarball no local data for marked-terminal@https://registry.npmjs.org/marked-terminal/-/marked-terminal-5.2.0.tgz. Extracting by manifest.
1849 silly tarball no local data for marked@https://registry.npmjs.org/marked/-/marked-4.3.0.tgz. Extracting by manifest.
1850 silly tarball no local data for ansi-escapes@https://registry.npmjs.org/ansi-escapes/-/ansi-escapes-6.2.1.tgz. Extracting by manifest.
1851 silly tarball no local data for inquirer@https://registry.npmjs.org/inquirer/-/inquirer-9.3.8.tgz. Extracting by manifest.
1852 silly tarball no local data for buffer@https://registry.npmjs.org/buffer/-/buffer-5.7.1.tgz. Extracting by manifest.
1853 silly tarball no local data for is-unicode-supported@https://registry.npmjs.org/is-unicode-supported/-/is-unicode-supported-0.1.0.tgz. Extracting by manifest.
1854 silly tarball no local data for is-interactive@https://registry.npmjs.org/is-interactive/-/is-interactive-1.0.0.tgz. Extracting by manifest.
1855 silly tarball no local data for chalk@https://registry.npmjs.org/chalk/-/chalk-4.1.2.tgz. Extracting by manifest.
1856 silly tarball no local data for log-symbols@https://registry.npmjs.org/log-symbols/-/log-symbols-4.1.0.tgz. Extracting by manifest.
1857 silly tarball no local data for bl@https://registry.npmjs.org/bl/-/bl-4.1.0.tgz. Extracting by manifest.
1858 silly tarball no local data for ora@https://registry.npmjs.org/ora/-/ora-5.4.1.tgz. Extracting by manifest.
1859 silly tarball no local data for ink-text-input@https://registry.npmjs.org/ink-text-input/-/ink-text-input-4.0.3.tgz. Extracting by manifest.
1860 silly tarball no local data for type-fest@https://registry.npmjs.org/type-fest/-/type-fest-0.15.1.tgz. Extracting by manifest.
1861 silly tarball no local data for chalk@https://registry.npmjs.org/chalk/-/chalk-4.1.2.tgz. Extracting by manifest.
1862 silly tarball no local data for ink-spinner@https://registry.npmjs.org/ink-spinner/-/ink-spinner-4.0.3.tgz. Extracting by manifest.
1863 silly tarball no local data for ink-select-input@https://registry.npmjs.org/ink-select-input/-/ink-select-input-4.2.2.tgz. Extracting by manifest.
1864 silly tarball no local data for ink-divider@https://registry.npmjs.org/ink-divider/-/ink-divider-3.0.0.tgz. Extracting by manifest.
1865 silly tarball no local data for react@https://registry.npmjs.org/react/-/react-17.0.2.tgz. Extracting by manifest.
1866 silly tarball no local data for ink@https://registry.npmjs.org/ink/-/ink-3.2.0.tgz. Extracting by manifest.
1867 silly tarball no local data for chalk@https://registry.npmjs.org/chalk/-/chalk-4.1.2.tgz. Extracting by manifest.
1868 silly tarball no local data for immer@https://registry.npmjs.org/immer/-/immer-9.0.21.tgz. Extracting by manifest.
1869 silly tarball no local data for get-stream@https://registry.npmjs.org/get-stream/-/get-stream-6.0.1.tgz. Extracting by manifest.
1870 silly tarball no local data for commander@https://registry.npmjs.org/commander/-/commander-9.5.0.tgz. Extracting by manifest.
1871 silly tarball no local data for cli-highlight@https://registry.npmjs.org/cli-highlight/-/cli-highlight-2.1.11.tgz. Extracting by manifest.
1872 silly tarball no local data for chalk@https://registry.npmjs.org/chalk/-/chalk-5.6.2.tgz. Extracting by manifest.
1873 silly tarball no local data for axios@https://registry.npmjs.org/axios/-/axios-1.18.1.tgz. Extracting by manifest.
1874 silly tarball no local data for chalk@https://registry.npmjs.org/chalk/-/chalk-4.1.2.tgz. Extracting by manifest.
1875 silly tarball no local data for agent-base@https://registry.npmjs.org/agent-base/-/agent-base-6.0.2.tgz. Extracting by manifest.
1876 silly tarball no local data for applicationinsights@https://registry.npmjs.org/applicationinsights/-/applicationinsights-2.9.8.tgz. Extracting by manifest.
1877 silly tarball no local data for https-proxy-agent@https://registry.npmjs.org/https-proxy-agent/-/https-proxy-agent-5.0.1.tgz. Extracting by manifest.
1878 http fetch GET 200 https://registry.npmjs.org/querystringify/-/querystringify-2.2.0.tgz 4792ms (cache miss)
1879 http fetch GET 200 https://registry.npmjs.org/y18n/-/y18n-5.0.8.tgz 5013ms (cache miss)
1880 http fetch GET 200 https://registry.npmjs.org/has-flag/-/has-flag-4.0.0.tgz 4943ms (cache miss)
1881 http fetch GET 200 https://registry.npmjs.org/ansi-regex/-/ansi-regex-5.0.1.tgz 4942ms (cache miss)
1882 http fetch GET 200 https://registry.npmjs.org/punycode/-/punycode-2.3.1.tgz 4966ms (cache miss)
1883 http fetch GET 200 https://registry.npmjs.org/requires-port/-/requires-port-1.0.0.tgz 5142ms (cache miss)
1884 http fetch GET 200 https://registry.npmjs.org/@types/yoga-layout/-/yoga-layout-1.9.2.tgz 5193ms (cache miss)
1885 http fetch GET 200 https://registry.npmjs.org/safe-buffer/-/safe-buffer-5.2.1.tgz 5103ms (cache miss)
1886 http fetch GET 200 https://registry.npmjs.org/emoji-regex/-/emoji-regex-8.0.0.tgz 5112ms (cache miss)
1887 http fetch GET 200 https://registry.npmjs.org/thenify/-/thenify-3.3.1.tgz 5264ms (cache miss)
1888 http fetch GET 200 https://registry.npmjs.org/supports-color/-/supports-color-7.2.0.tgz 5262ms (cache miss)
1889 http fetch GET 200 https://registry.npmjs.org/is-fullwidth-code-point/-/is-fullwidth-code-point-3.0.0.tgz 5192ms (cache miss)
1890 http fetch GET 200 https://registry.npmjs.org/ansi-styles/-/ansi-styles-4.3.0.tgz 5181ms (cache miss)
1891 http fetch GET 200 https://registry.npmjs.org/color-convert/-/color-convert-2.0.1.tgz 5201ms (cache miss)
1892 http fetch GET 200 https://registry.npmjs.org/universalify/-/universalify-0.2.0.tgz 5415ms (cache miss)
1893 http fetch GET 200 https://registry.npmjs.org/url-parse/-/url-parse-1.5.10.tgz 5422ms (cache miss)
1894 http fetch GET 200 https://registry.npmjs.org/util-deprecate/-/util-deprecate-1.0.2.tgz 5384ms (cache miss)
1895 http fetch GET 200 https://registry.npmjs.org/ieee754/-/ieee754-1.2.1.tgz 5379ms (cache miss)
1896 http fetch GET 200 https://registry.npmjs.org/base64-js/-/base64-js-1.5.1.tgz 5377ms (cache miss)
1897 http fetch GET 200 https://registry.npmjs.org/buffer/-/buffer-6.0.3.tgz 5370ms (cache miss)
1898 http fetch GET 200 https://registry.npmjs.org/path-is-absolute/-/path-is-absolute-1.0.1.tgz 5309ms (cache miss)
1899 http fetch GET 200 https://registry.npmjs.org/once/-/once-1.4.0.tgz 5307ms (cache miss)
1900 http fetch GET 200 https://registry.npmjs.org/require-directory/-/require-directory-2.1.1.tgz 5633ms (cache miss)
1901 http fetch GET 200 https://registry.npmjs.org/color-name/-/color-name-1.1.4.tgz 5506ms (cache miss)
1902 http fetch GET 200 https://registry.npmjs.org/astral-regex/-/astral-regex-2.0.0.tgz 5496ms (cache miss)
1903 http fetch GET 200 https://registry.npmjs.org/balanced-match/-/balanced-match-1.0.2.tgz 5487ms (cache miss)
1904 http fetch GET 200 https://registry.npmjs.org/remove-accents/-/remove-accents-0.5.0.tgz 5437ms (cache miss)
1905 http fetch GET 200 https://registry.npmjs.org/unload/-/unload-2.2.0.tgz 5436ms (cache miss)
1906 http fetch GET 200 https://registry.npmjs.org/string_decoder/-/string_decoder-1.3.0.tgz 5680ms (cache miss)
1907 http fetch GET 200 https://registry.npmjs.org/inherits/-/inherits-2.0.4.tgz 5587ms (cache miss)
1908 http fetch GET 200 https://registry.npmjs.org/mimic-fn/-/mimic-fn-2.1.0.tgz 5574ms (cache miss)
1909 http fetch GET 200 https://registry.npmjs.org/loose-envify/-/loose-envify-1.4.0.tgz 5507ms (cache miss)
1910 http fetch GET 200 https://registry.npmjs.org/concat-map/-/concat-map-0.0.1.tgz 5793ms (cache miss)
1911 http fetch GET 200 https://registry.npmjs.org/minimatch/-/minimatch-3.1.5.tgz 5768ms (cache miss)
1912 http fetch GET 200 https://registry.npmjs.org/oblivious-set/-/oblivious-set-1.0.0.tgz 5724ms (cache miss)
1913 http fetch GET 200 https://registry.npmjs.org/microseconds/-/microseconds-0.2.0.tgz 5719ms (cache miss)
1914 http fetch GET 200 https://registry.npmjs.org/onetime/-/onetime-5.1.2.tgz 5755ms (cache miss)
1915 http fetch GET 200 https://registry.npmjs.org/detect-node/-/detect-node-2.1.0.tgz 5718ms (cache miss)
1916 http fetch GET 200 https://registry.npmjs.org/wcwidth/-/wcwidth-1.0.1.tgz 5688ms (cache miss)
1917 http fetch GET 200 https://registry.npmjs.org/ansicolors/-/ansicolors-0.3.2.tgz 5650ms (cache miss)
1918 http fetch GET 200 https://registry.npmjs.org/thenify-all/-/thenify-all-1.6.0.tgz 5679ms (cache miss)
1919 http fetch GET 200 https://registry.npmjs.org/get-caller-file/-/get-caller-file-2.0.5.tgz 6097ms (cache miss)
1920 http fetch GET 200 https://registry.npmjs.org/wrappy/-/wrappy-1.0.2.tgz 5941ms (cache miss)
1921 http fetch GET 200 https://registry.npmjs.org/inflight/-/inflight-1.0.6.tgz 5925ms (cache miss)
1922 warn deprecated inflight@1.0.6: This module is not supported, and leaks memory. Do not use it. Check out lru-cache if you want a good and tested way to coalesce async requests by a key value, which is much more comprehensive and powerful.
1923 http fetch GET 200 https://registry.npmjs.org/glob/-/glob-7.2.3.tgz 5944ms (cache miss)
1924 warn deprecated glob@7.2.3: Old versions of glob are not supported, and contain widely publicized security vulnerabilities, which have been fixed in the current version. Please update. Support for old versions may be purchased (at exorbitant rates) by contacting i@izs.me
1925 http fetch GET 200 https://registry.npmjs.org/js-tokens/-/js-tokens-4.0.0.tgz 5897ms (cache miss)
1926 http fetch GET 200 https://registry.npmjs.org/react-is/-/react-is-16.13.1.tgz 5896ms (cache miss)
1927 http fetch GET 200 https://registry.npmjs.org/stdin-discarder/-/stdin-discarder-0.1.0.tgz 5887ms (cache miss)
1928 http fetch GET 200 https://registry.npmjs.org/log-symbols/-/log-symbols-5.1.0.tgz 5885ms (cache miss)
1929 http fetch GET 200 https://registry.npmjs.org/shell-quote/-/shell-quote-1.10.0.tgz 5918ms (cache miss)
1930 http fetch GET 200 https://registry.npmjs.org/run-async/-/run-async-3.0.0.tgz 5809ms (cache miss)
1931 http fetch GET 200 https://registry.npmjs.org/rimraf/-/rimraf-3.0.2.tgz 6105ms (cache miss)
1932 warn deprecated rimraf@3.0.2: Rimraf versions prior to v4 are no longer supported
1933 http fetch GET 200 https://registry.npmjs.org/nano-time/-/nano-time-1.0.0.tgz 6104ms (cache miss)
1934 http fetch GET 200 https://registry.npmjs.org/object-assign/-/object-assign-4.1.1.tgz 6041ms (cache miss)
1935 http fetch GET 200 https://registry.npmjs.org/cli-spinners/-/cli-spinners-2.9.2.tgz 5968ms (cache miss)
1936 http fetch GET 200 https://registry.npmjs.org/fs.realpath/-/fs.realpath-1.0.0.tgz 6306ms (cache miss)
1937 http fetch GET 200 https://registry.npmjs.org/defaults/-/defaults-1.0.4.tgz 6471ms (cache miss)
1938 http fetch GET 200 https://registry.npmjs.org/is-unicode-supported/-/is-unicode-supported-1.3.0.tgz 6214ms (cache miss)
1939 http fetch GET 200 https://registry.npmjs.org/strip-ansi/-/strip-ansi-6.0.1.tgz 6146ms (cache miss)
1940 http fetch GET 200 https://registry.npmjs.org/figures/-/figures-3.2.0.tgz 6118ms (cache miss)
1941 http fetch GET 200 https://registry.npmjs.org/lodash.isequal/-/lodash.isequal-4.5.0.tgz 6125ms (cache miss)
1942 warn deprecated lodash.isequal@4.5.0: This package is deprecated. Use require('node:util').isDeepStrictEqual instead.
1943 http fetch GET 200 https://registry.npmjs.org/string-width/-/string-width-4.2.3.tgz 6087ms (cache miss)
1944 http fetch GET 200 https://registry.npmjs.org/escape-string-regexp/-/escape-string-regexp-2.0.0.tgz 6082ms (cache miss)
1945 http fetch GET 200 https://registry.npmjs.org/wrap-ansi/-/wrap-ansi-6.2.0.tgz 6111ms (cache miss)
1946 http fetch GET 200 https://registry.npmjs.org/clone/-/clone-1.0.4.tgz 6683ms (cache miss)
1947 http fetch GET 200 https://registry.npmjs.org/big-integer/-/big-integer-1.6.52.tgz 6504ms (cache miss)
1948 http fetch GET 200 https://registry.npmjs.org/supports-hyperlinks/-/supports-hyperlinks-2.3.0.tgz 6393ms (cache miss)
1949 http fetch GET 200 https://registry.npmjs.org/is-interactive/-/is-interactive-2.0.0.tgz 6428ms (cache miss)
1950 http fetch GET 200 https://registry.npmjs.org/yoctocolors-cjs/-/yoctocolors-cjs-2.1.3.tgz 6366ms (cache miss)
1951 http fetch GET 200 https://registry.npmjs.org/escape-string-regexp/-/escape-string-regexp-1.0.5.tgz 6339ms (cache miss)
1952 http fetch GET 200 https://registry.npmjs.org/signal-exit/-/signal-exit-3.0.7.tgz 6280ms (cache miss)
1953 http fetch GET 200 https://registry.npmjs.org/escalade/-/escalade-3.2.0.tgz 6913ms (cache miss)
1954 http fetch GET 200 https://registry.npmjs.org/wrap-ansi/-/wrap-ansi-7.0.0.tgz 6909ms (cache miss)
1955 http fetch GET 200 https://registry.npmjs.org/cli-width/-/cli-width-4.1.0.tgz 6560ms (cache miss)
1956 http fetch GET 200 https://registry.npmjs.org/mute-stream/-/mute-stream-1.0.0.tgz 6559ms (cache miss)
1957 http fetch GET 200 https://registry.npmjs.org/stack-utils/-/stack-utils-2.0.6.tgz 6498ms (cache miss)
1958 http fetch GET 200 https://registry.npmjs.org/restore-cursor/-/restore-cursor-3.1.0.tgz 6529ms (cache miss)
1959 http fetch GET 200 https://registry.npmjs.org/arr-rotate/-/arr-rotate-1.0.0.tgz 6551ms (cache miss)
1960 http fetch GET 200 https://registry.npmjs.org/convert-to-spaces/-/convert-to-spaces-1.0.2.tgz 6545ms (cache miss)
1961 http fetch GET 200 https://registry.npmjs.org/cli-boxes/-/cli-boxes-2.2.1.tgz 6457ms (cache miss)
1962 http fetch GET 200 https://registry.npmjs.org/module-details-from-path/-/module-details-from-path-1.0.4.tgz 6443ms (cache miss)
1963 http fetch GET 200 https://registry.npmjs.org/cli-truncate/-/cli-truncate-2.1.0.tgz 6474ms (cache miss)
1964 http fetch GET 200 https://registry.npmjs.org/mime-db/-/mime-db-1.52.0.tgz 6803ms (cache miss)
1965 http fetch GET 200 https://registry.npmjs.org/safer-buffer/-/safer-buffer-2.1.2.tgz 6773ms (cache miss)
1966 http fetch GET 200 https://registry.npmjs.org/ci-info/-/ci-info-2.0.0.tgz 6780ms (cache miss)
1967 http fetch GET 200 https://registry.npmjs.org/indent-string/-/indent-string-4.0.0.tgz 6646ms (cache miss)
1968 http fetch GET 200 https://registry.npmjs.org/is-ci/-/is-ci-2.0.0.tgz 6652ms (cache miss)
1969 http fetch GET 200 https://registry.npmjs.org/slice-ansi/-/slice-ansi-3.0.0.tgz 6680ms (cache miss)
1970 http fetch GET 200 https://registry.npmjs.org/agent-base/-/agent-base-7.1.4.tgz 6597ms (cache miss)
1971 http fetch GET 200 https://registry.npmjs.org/dunder-proto/-/dunder-proto-1.0.1.tgz 6594ms (cache miss)
1972 http fetch GET 200 https://registry.npmjs.org/math-intrinsics/-/math-intrinsics-1.1.0.tgz 6592ms (cache miss)
1973 http fetch GET 200 https://registry.npmjs.org/has-symbols/-/has-symbols-1.1.0.tgz 6590ms (cache miss)
1974 http fetch GET 200 https://registry.npmjs.org/gopd/-/gopd-1.2.0.tgz 6589ms (cache miss)
1975 http fetch GET 200 https://registry.npmjs.org/widest-line/-/widest-line-3.1.0.tgz 6828ms (cache miss)
1976 http fetch GET 200 https://registry.npmjs.org/auto-bind/-/auto-bind-4.0.0.tgz 6762ms (cache miss)
1977 http fetch GET 200 https://registry.npmjs.org/has-tostringtag/-/has-tostringtag-1.0.2.tgz 6690ms (cache miss)
1978 http fetch GET 200 https://registry.npmjs.org/es-errors/-/es-errors-1.3.0.tgz 6685ms (cache miss)
1979 http fetch GET 200 https://registry.npmjs.org/delayed-stream/-/delayed-stream-1.0.0.tgz 6683ms (cache miss)
1980 http fetch GET 200 https://registry.npmjs.org/es-object-atoms/-/es-object-atoms-1.1.2.tgz 6712ms (cache miss)
1981 http fetch GET 200 https://registry.npmjs.org/patch-console/-/patch-console-1.0.0.tgz 6819ms (cache miss)
1982 http fetch GET 200 https://registry.npmjs.org/ms/-/ms-2.1.3.tgz 6888ms (cache miss)
1983 http fetch GET 200 https://registry.npmjs.org/cli-table3/-/cli-table3-0.6.5.tgz 7194ms (cache miss)
1984 http fetch GET 200 https://registry.npmjs.org/ansi-escapes/-/ansi-escapes-4.3.2.tgz 7026ms (cache miss)
1985 http fetch GET 200 https://registry.npmjs.org/cli-cursor/-/cli-cursor-3.1.0.tgz 7043ms (cache miss)
1986 http fetch GET 200 https://registry.npmjs.org/get-intrinsic/-/get-intrinsic-1.3.0.tgz 6955ms (cache miss)
1987 http fetch GET 200 https://registry.npmjs.org/get-proto/-/get-proto-1.0.1.tgz 6982ms (cache miss)
1988 http fetch GET 200 https://registry.npmjs.org/combined-stream/-/combined-stream-1.0.8.tgz 6942ms (cache miss)
1989 http fetch GET 200 https://registry.npmjs.org/hasown/-/hasown-2.0.4.tgz 6954ms (cache miss)
1990 http fetch GET 200 https://registry.npmjs.org/shimmer/-/shimmer-1.2.1.tgz 7013ms (cache miss)
1991 http fetch GET 200 https://registry.npmjs.org/mz/-/mz-2.7.0.tgz 6986ms (cache miss)
1992 http fetch GET 200 https://registry.npmjs.org/follow-redirects/-/follow-redirects-1.16.0.tgz 6968ms (cache miss)
1993 http fetch GET 200 https://registry.npmjs.org/stack-chain/-/stack-chain-1.3.7.tgz 7017ms (cache miss)
1994 http fetch GET 200 https://registry.npmjs.org/prop-types/-/prop-types-15.8.1.tgz 7357ms (cache miss)
1995 http fetch GET 200 https://registry.npmjs.org/acorn-import-attributes/-/acorn-import-attributes-1.9.5.tgz 7243ms (cache miss)
1996 http fetch GET 200 https://registry.npmjs.org/cjs-module-lexer/-/cjs-module-lexer-2.2.0.tgz 7252ms (cache miss)
1997 http fetch GET 200 https://registry.npmjs.org/call-bind-apply-helpers/-/call-bind-apply-helpers-1.0.2.tgz 7200ms (cache miss)
1998 http fetch GET 200 https://registry.npmjs.org/code-excerpt/-/code-excerpt-3.0.0.tgz 7304ms (cache miss)
1999 http fetch GET 200 https://registry.npmjs.org/proxy-from-env/-/proxy-from-env-2.1.0.tgz 7125ms (cache miss)
2000 http fetch GET 200 https://registry.npmjs.org/require-in-the-middle/-/require-in-the-middle-8.0.1.tgz 7113ms (cache miss)
2001 http fetch GET 200 https://registry.npmjs.org/debug/-/debug-4.4.3.tgz 7334ms (cache miss)
2002 http fetch GET 200 https://registry.npmjs.org/es-define-property/-/es-define-property-1.0.1.tgz 7300ms (cache miss)
2003 http fetch GET 200 https://registry.npmjs.org/parse5-htmlparser2-tree-adapter/-/parse5-htmlparser2-tree-adapter-6.0.1.tgz 7234ms (cache miss)
2004 http fetch GET 200 https://registry.npmjs.org/emitter-listener/-/emitter-listener-1.1.2.tgz 7251ms (cache miss)
2005 http fetch GET 200 https://registry.npmjs.org/bl/-/bl-5.1.0.tgz 7834ms (cache miss)
2006 http fetch GET 200 https://registry.npmjs.org/js-sha3/-/js-sha3-0.8.0.tgz 7707ms (cache miss)
2007 http fetch GET 200 https://registry.npmjs.org/mime-types/-/mime-types-2.1.35.tgz 7347ms (cache miss)
2008 http fetch GET 200 https://registry.npmjs.org/es-set-tostringtag/-/es-set-tostringtag-2.1.0.tgz 7363ms (cache miss)
2009 http fetch GET 200 https://registry.npmjs.org/@azure/abort-controller/-/abort-controller-2.2.0.tgz 7223ms (cache miss)
2010 http fetch GET 200 https://registry.npmjs.org/https-proxy-agent/-/https-proxy-agent-7.0.6.tgz 7315ms (cache miss)
2011 http fetch GET 200 https://registry.npmjs.org/@azure/logger/-/logger-1.4.0.tgz 7312ms (cache miss)
2012 http fetch GET 200 https://registry.npmjs.org/cliui/-/cliui-7.0.4.tgz 8086ms (cache miss)
2013 http fetch GET 200 https://registry.npmjs.org/form-data/-/form-data-4.0.6.tgz 7498ms (cache miss)
2014 http fetch GET 200 https://registry.npmjs.org/cls-hooked/-/cls-hooked-4.2.2.tgz 7406ms (cache miss)
2015 http fetch GET 200 https://registry.npmjs.org/http-proxy-agent/-/http-proxy-agent-7.0.2.tgz 7495ms (cache miss)
2016 http fetch GET 200 https://registry.npmjs.org/simple-update-notifier/-/simple-update-notifier-1.1.0.tgz 7394ms (cache miss)
2017 http fetch GET 200 https://registry.npmjs.org/ts-dedent/-/ts-dedent-2.3.0.tgz 7410ms (cache miss)
2018 http fetch GET 200 https://registry.npmjs.org/semver/-/semver-5.7.2.tgz 7442ms (cache miss)
2019 http fetch GET 200 https://registry.npmjs.org/ora/-/ora-6.3.1.tgz 7423ms (cache miss)
2020 http fetch GET 200 https://registry.npmjs.org/ansi-regex/-/ansi-regex-6.2.2.tgz 7422ms (cache miss)
2021 http fetch GET 200 https://registry.npmjs.org/restore-cursor/-/restore-cursor-4.0.0.tgz 7421ms (cache miss)
2022 http fetch GET 200 https://registry.npmjs.org/strip-ansi/-/strip-ansi-7.2.0.tgz 7420ms (cache miss)
2023 http fetch GET 200 https://registry.npmjs.org/tiny-invariant/-/tiny-invariant-1.3.3.tgz 7503ms (cache miss)
2024 http fetch GET 200 https://registry.npmjs.org/cli-cursor/-/cli-cursor-4.0.0.tgz 7467ms (cache miss)
2025 http fetch GET 200 https://registry.npmjs.org/is-interactive/-/is-interactive-1.0.0.tgz 7444ms (cache miss)
2026 http fetch GET 200 https://registry.npmjs.org/use-zustand/-/use-zustand-0.0.1.tgz 7566ms (cache miss)
2027 http fetch GET 200 https://registry.npmjs.org/marked-terminal/-/marked-terminal-5.2.0.tgz 7510ms (cache miss)
2028 http fetch GET 200 https://registry.npmjs.org/bl/-/bl-4.1.0.tgz 7478ms (cache miss)
2029 http fetch GET 200 https://registry.npmjs.org/chalk/-/chalk-4.1.2.tgz 7467ms (cache miss)
2030 http fetch GET 200 https://registry.npmjs.org/log-symbols/-/log-symbols-4.1.0.tgz 7488ms (cache miss)
2031 http fetch GET 200 https://registry.npmjs.org/@azure/core-auth/-/core-auth-1.7.2.tgz 7594ms (cache miss)
2032 http fetch GET 200 https://registry.npmjs.org/yargs-parser/-/yargs-parser-20.2.9.tgz 8458ms (cache miss)
2033 http fetch GET 200 https://registry.npmjs.org/@microsoft/applicationinsights-web-snippet/-/applicationinsights-web-snippet-1.0.1.tgz 7660ms (cache miss)
2034 http fetch GET 200 https://registry.npmjs.org/ansi-escapes/-/ansi-escapes-6.2.1.tgz 7563ms (cache miss)
2035 http fetch GET 200 https://registry.npmjs.org/is-unicode-supported/-/is-unicode-supported-0.1.0.tgz 7555ms (cache miss)
2036 http fetch GET 200 https://registry.npmjs.org/get-stream/-/get-stream-6.0.1.tgz 7501ms (cache miss)
2037 http fetch GET 200 https://registry.npmjs.org/diagnostic-channel/-/diagnostic-channel-1.1.1.tgz 7744ms (cache miss)
2038 http fetch GET 200 https://registry.npmjs.org/buffer/-/buffer-5.7.1.tgz 7605ms (cache miss)
2039 http fetch GET 200 https://registry.npmjs.org/ora/-/ora-5.4.1.tgz 7585ms (cache miss)
2040 http fetch GET 200 https://registry.npmjs.org/cli-highlight/-/cli-highlight-2.1.11.tgz 7540ms (cache miss)
2041 http fetch GET 200 https://registry.npmjs.org/https-proxy-agent/-/https-proxy-agent-5.0.1.tgz 7565ms (cache miss)
2042 http fetch GET 200 https://registry.npmjs.org/ink-select-input/-/ink-select-input-4.2.2.tgz 7624ms (cache miss)
2043 http fetch GET 200 https://registry.npmjs.org/ink-spinner/-/ink-spinner-4.0.3.tgz 7632ms (cache miss)
2044 http fetch GET 200 https://registry.npmjs.org/ink-divider/-/ink-divider-3.0.0.tgz 7627ms (cache miss)
2045 warn deprecated ink-divider@3.0.0: This version is outdated, upgrade to version 4.0.0 or higher to get better typing and new useful features (including automatic stretching of the Divider to the full width of the container)
2046 http fetch GET 200 https://registry.npmjs.org/@inquirer/figures/-/figures-1.0.15.tgz 8227ms (cache miss)
2047 http fetch GET 200 https://registry.npmjs.org/chalk/-/chalk-4.1.2.tgz 7652ms (cache miss)
2048 http fetch GET 200 https://registry.npmjs.org/chalk/-/chalk-4.1.2.tgz 7680ms (cache miss)
2049 http fetch GET 200 https://registry.npmjs.org/chalk/-/chalk-4.1.2.tgz 7731ms (cache miss)
2050 http fetch GET 200 https://registry.npmjs.org/use-sync-external-store/-/use-sync-external-store-1.6.0.tgz 8691ms (cache miss)
2051 http fetch GET 200 https://registry.npmjs.org/function-bind/-/function-bind-1.1.2.tgz 8100ms (cache miss)
2052 http fetch GET 200 https://registry.npmjs.org/tslib/-/tslib-2.8.1.tgz 7936ms (cache miss)
2053 http fetch GET 200 https://registry.npmjs.org/ink-text-input/-/ink-text-input-4.0.3.tgz 7802ms (cache miss)
2054 http fetch GET 200 https://registry.npmjs.org/import-in-the-middle/-/import-in-the-middle-2.0.6.tgz 8121ms (cache miss)
2055 http fetch GET 200 https://registry.npmjs.org/asynckit/-/asynckit-0.4.0.tgz 8593ms (cache miss)
2056 http fetch GET 200 https://registry.npmjs.org/tough-cookie/-/tough-cookie-4.1.4.tgz 8578ms (cache miss)
2057 http fetch GET 200 https://registry.npmjs.org/ws/-/ws-7.5.13.tgz 9002ms (cache miss)
2058 http fetch GET 200 https://registry.npmjs.org/node-emoji/-/node-emoji-1.11.0.tgz 9157ms (cache miss)
2059 http fetch GET 200 https://registry.npmjs.org/esprima/-/esprima-4.0.1.tgz 9396ms (cache miss)
2060 http fetch GET 200 https://registry.npmjs.org/agent-base/-/agent-base-6.0.2.tgz 8626ms (cache miss)
2061 http fetch GET 200 https://registry.npmjs.org/commander/-/commander-9.5.0.tgz 8668ms (cache miss)
2062 http fetch GET 200 https://registry.npmjs.org/match-sorter/-/match-sorter-6.3.4.tgz 9450ms (cache miss)
2063 http fetch GET 200 https://registry.npmjs.org/@colors/colors/-/colors-1.5.0.tgz 9399ms (cache miss)
2064 http fetch GET 200 https://registry.npmjs.org/brace-expansion/-/brace-expansion-1.1.16.tgz 9575ms (cache miss)
2065 http fetch GET 200 https://registry.npmjs.org/psl/-/psl-1.15.0.tgz 9729ms (cache miss)
2066 http fetch GET 200 https://registry.npmjs.org/scheduler/-/scheduler-0.20.2.tgz 9362ms (cache miss)
2067 http fetch GET 200 https://registry.npmjs.org/chalk/-/chalk-5.6.2.tgz 8933ms (cache miss)
2068 http fetch GET 200 https://registry.npmjs.org/type-fest/-/type-fest-0.12.0.tgz 9548ms (cache miss)
2069 http fetch GET 200 https://registry.npmjs.org/any-promise/-/any-promise-1.3.0.tgz 9704ms (cache miss)
2070 http fetch GET 200 https://registry.npmjs.org/redeyed/-/redeyed-2.1.1.tgz 9731ms (cache miss)
2071 http fetch GET 200 https://registry.npmjs.org/react/-/react-17.0.2.tgz 9106ms (cache miss)
2072 http fetch GET 200 https://registry.npmjs.org/react-reconciler/-/react-reconciler-0.26.2.tgz 9625ms (cache miss)
2073 http fetch GET 200 https://registry.npmjs.org/continuation-local-storage/-/continuation-local-storage-3.2.1.tgz 9396ms (cache miss)
2074 http fetch GET 200 https://registry.npmjs.org/acorn/-/acorn-8.18.0.tgz 9655ms (cache miss)
2075 http fetch GET 200 https://registry.npmjs.org/readable-stream/-/readable-stream-3.6.2.tgz 10194ms (cache miss)
2076 http fetch GET 200 https://registry.npmjs.org/marked/-/marked-4.3.0.tgz 9517ms (cache miss)
2077 http fetch GET 200 https://registry.npmjs.org/yoga-layout-prebuilt/-/yoga-layout-prebuilt-1.10.0.tgz 10025ms (cache miss)
2078 http fetch GET 200 https://registry.npmjs.org/type-fest/-/type-fest-0.15.1.tgz 9651ms (cache miss)
2079 http fetch GET 200 https://registry.npmjs.org/iconv-lite/-/iconv-lite-0.7.3.tgz 10337ms (cache miss)
2080 http fetch GET 200 https://registry.npmjs.org/cardinal/-/cardinal-2.1.1.tgz 10496ms (cache miss)
2081 http fetch GET 200 https://registry.npmjs.org/inquirer/-/inquirer-9.3.8.tgz 10032ms (cache miss)
2082 http fetch GET 200 https://registry.npmjs.org/type-fest/-/type-fest-0.21.3.tgz 10504ms (cache miss)
2083 http fetch GET 200 https://registry.npmjs.org/async-listener/-/async-listener-0.6.10.tgz 10405ms (cache miss)
2084 http fetch GET 200 https://registry.npmjs.org/diagnostic-channel-publishers/-/diagnostic-channel-publishers-1.0.8.tgz 10272ms (cache miss)
2085 http fetch GET 200 https://registry.npmjs.org/@inquirer/external-editor/-/external-editor-1.0.3.tgz 10639ms (cache miss)
2086 http fetch GET 200 https://registry.npmjs.org/semver/-/semver-7.8.5.tgz 10467ms (cache miss)
2087 http fetch GET 200 https://registry.npmjs.org/semver/-/semver-7.0.0.tgz 10386ms (cache miss)
2088 http fetch GET 200 https://registry.npmjs.org/async-hook-jl/-/async-hook-jl-1.7.6.tgz 10628ms (cache miss)
2089 http fetch GET 200 https://registry.npmjs.org/chardet/-/chardet-2.2.0.tgz 11027ms (cache miss)
2090 http fetch GET 200 https://registry.npmjs.org/parse5/-/parse5-6.0.1.tgz 10733ms (cache miss)
2091 http fetch GET 200 https://registry.npmjs.org/parse5/-/parse5-5.1.1.tgz 10752ms (cache miss)
2092 http fetch GET 200 https://registry.npmjs.org/yargs/-/yargs-16.2.2.tgz 11668ms (cache miss)
2093 http fetch GET 200 https://registry.npmjs.org/radash/-/radash-9.5.0.tgz 11495ms (cache miss)
2094 http fetch GET 200 https://registry.npmjs.org/@githubnext/github-copilot-cli/-/github-copilot-cli-0.1.36.tgz 12721ms (cache miss)
2095 warn deprecated @githubnext/github-copilot-cli@0.1.36: Package no longer supported. Contact Support at https://www.npmjs.com/support for more info.
2096 http fetch GET 200 https://registry.npmjs.org/broadcast-channel/-/broadcast-channel-3.7.0.tgz 12525ms (cache miss)
2097 http fetch GET 200 https://registry.npmjs.org/react-dom/-/react-dom-17.0.2.tgz 11938ms (cache miss)
2098 http fetch GET 200 https://registry.npmjs.org/uuid/-/uuid-9.0.1.tgz 12422ms (cache miss)
2099 warn deprecated uuid@9.0.1: uuid@10 and below is no longer supported.  For ESM codebases, update to uuid@latest.  For CommonJS codebases, use uuid@11 (but be aware this version will likely be deprecated in 2028).
2100 http fetch GET 200 https://registry.npmjs.org/immer/-/immer-9.0.21.tgz 12566ms (cache miss)
2101 http fetch GET 200 https://registry.npmjs.org/@opentelemetry/sdk-trace-base/-/sdk-trace-base-2.10.0.tgz 12851ms (cache miss)
2102 http fetch GET 200 https://registry.npmjs.org/@azure/core-util/-/core-util-1.14.0.tgz 12997ms (cache miss)
2103 http fetch GET 200 https://registry.npmjs.org/@opentelemetry/sdk-trace-web/-/sdk-trace-web-2.10.0.tgz 13061ms (cache miss)
2104 http fetch GET 200 https://registry.npmjs.org/@azure/core-tracing/-/core-tracing-1.4.0.tgz 13138ms (cache miss)
2105 http fetch GET 200 https://registry.npmjs.org/ink/-/ink-3.2.0.tgz 13549ms (cache miss)
2106 http fetch GET 200 https://registry.npmjs.org/zustand/-/zustand-4.5.7.tgz 13867ms (cache miss)
2107 http fetch GET 200 https://registry.npmjs.org/axios/-/axios-1.18.1.tgz 13747ms (cache miss)
2108 http fetch GET 200 https://registry.npmjs.org/@azure/opentelemetry-instrumentation-azure-sdk/-/opentelemetry-instrumentation-azure-sdk-1.0.0.tgz 14298ms (cache miss)
2109 http fetch GET 200 https://registry.npmjs.org/@opentelemetry/api-logs/-/api-logs-0.211.0.tgz 15028ms (cache miss)
2110 http fetch GET 200 https://registry.npmjs.org/@babel/runtime/-/runtime-7.29.7.tgz 17135ms (cache miss)
2111 http fetch GET 200 https://registry.npmjs.org/@opentelemetry/semantic-conventions/-/semantic-conventions-1.28.0.tgz 16930ms (cache miss)
2112 http fetch GET 200 https://registry.npmjs.org/@opentelemetry/semantic-conventions/-/semantic-conventions-1.28.0.tgz 17040ms (cache miss)
2113 http fetch GET 200 https://registry.npmjs.org/@opentelemetry/semantic-conventions/-/semantic-conventions-1.28.0.tgz 16954ms (cache miss)
2114 http fetch GET 200 https://registry.npmjs.org/react-query/-/react-query-3.39.3.tgz 17065ms (cache miss)
2115 http fetch GET 200 https://registry.npmjs.org/react-devtools-core/-/react-devtools-core-4.28.5.tgz 17629ms (cache miss)
2116 http fetch GET 200 https://registry.npmjs.org/@opentelemetry/instrumentation/-/instrumentation-0.211.0.tgz 18266ms (cache miss)
2117 http fetch GET 200 https://registry.npmjs.org/@opentelemetry/semantic-conventions/-/semantic-conventions-1.43.0.tgz 18786ms (cache miss)
2118 http fetch GET 200 https://registry.npmjs.org/highlight.js/-/highlight.js-10.7.3.tgz 19626ms (cache miss)
2119 http fetch GET 200 https://registry.npmjs.org/@opentelemetry/sdk-trace-base/-/sdk-trace-base-1.30.1.tgz 20300ms (cache miss)
2120 http fetch GET 200 https://registry.npmjs.org/lodash/-/lodash-4.18.1.tgz 20653ms (cache miss)
2121 http fetch GET 200 https://registry.npmjs.org/@opentelemetry/sdk-trace/-/sdk-trace-2.10.0.tgz 21523ms (cache miss)
2122 http fetch GET 200 https://registry.npmjs.org/@opentelemetry/core/-/core-2.10.0.tgz 21987ms (cache miss)
2123 http fetch GET 200 https://registry.npmjs.org/@opentelemetry/core/-/core-2.10.0.tgz 21281ms (cache miss)
2124 http fetch GET 200 https://registry.npmjs.org/@opentelemetry/core/-/core-2.10.0.tgz 21184ms (cache miss)
2125 http fetch GET 200 https://registry.npmjs.org/applicationinsights/-/applicationinsights-2.9.8.tgz 21718ms (cache miss)
2126 http fetch GET 200 https://registry.npmjs.org/@opentelemetry/resources/-/resources-2.10.0.tgz 22833ms (cache miss)
2127 http fetch GET 200 https://registry.npmjs.org/@opentelemetry/resources/-/resources-2.10.0.tgz 22116ms (cache miss)
2128 http fetch GET 200 https://registry.npmjs.org/@opentelemetry/core/-/core-1.30.1.tgz 23140ms (cache miss)
2129 http fetch GET 200 https://registry.npmjs.org/@opentelemetry/resources/-/resources-1.30.1.tgz 23430ms (cache miss)
2130 http fetch GET 200 https://registry.npmjs.org/@opentelemetry/api/-/api-1.9.1.tgz 23641ms (cache miss)
2131 http fetch GET 200 https://registry.npmjs.org/@azure/core-rest-pipeline/-/core-rest-pipeline-1.16.3.tgz 24254ms (cache miss)
2132 http fetch GET 200 https://registry.npmjs.org/@typespec/ts-http-runtime/-/ts-http-runtime-0.3.7.tgz 25006ms (cache miss)
2133 http fetch GET 200 https://registry.npmjs.org/rxjs/-/rxjs-7.8.2.tgz 32275ms (cache miss)
2134 silly ADD node_modules/@githubnext/github-copilot-cli
2135 silly ADD node_modules/@githubnext/github-copilot-cli/node_modules/@opentelemetry/sdk-trace
2136 silly ADD node_modules/@githubnext/github-copilot-cli/node_modules/@opentelemetry/sdk-trace/node_modules/@opentelemetry/resources
2137 silly ADD node_modules/@githubnext/github-copilot-cli/node_modules/@opentelemetry/sdk-trace/node_modules/@opentelemetry/core
2138 silly ADD node_modules/@githubnext/github-copilot-cli/node_modules/use-sync-external-store
2139 silly ADD node_modules/@githubnext/github-copilot-cli/node_modules/@types/yoga-layout
2140 silly ADD node_modules/@githubnext/github-copilot-cli/node_modules/yargs-parser
2141 silly ADD node_modules/@githubnext/github-copilot-cli/node_modules/y18n
2142 silly ADD node_modules/@githubnext/github-copilot-cli/node_modules/require-directory
2143 silly ADD node_modules/@githubnext/github-copilot-cli/node_modules/get-caller-file
2144 silly ADD node_modules/@githubnext/github-copilot-cli/node_modules/escalade
2145 silly ADD node_modules/@githubnext/github-copilot-cli/node_modules/cliui
2146 silly ADD node_modules/@githubnext/github-copilot-cli/node_modules/cliui/node_modules/wrap-ansi
2147 silly ADD node_modules/@githubnext/github-copilot-cli/node_modules/clone
2148 silly ADD node_modules/@githubnext/github-copilot-cli/node_modules/defaults
2149 silly ADD node_modules/@githubnext/github-copilot-cli/node_modules/requires-port
2150 silly ADD node_modules/@githubnext/github-copilot-cli/node_modules/querystringify
2151 silly ADD node_modules/@githubnext/github-copilot-cli/node_modules/url-parse
2152 silly ADD node_modules/@githubnext/github-copilot-cli/node_modules/universalify
2153 silly ADD node_modules/@githubnext/github-copilot-cli/node_modules/punycode
2154 silly ADD node_modules/@githubnext/github-copilot-cli/node_modules/psl
2155 silly ADD node_modules/@githubnext/github-copilot-cli/node_modules/thenify
2156 silly ADD node_modules/@githubnext/github-copilot-cli/node_modules/supports-color
2157 silly ADD node_modules/@githubnext/github-copilot-cli/node_modules/has-flag
2158 silly ADD node_modules/@githubnext/github-copilot-cli/node_modules/ansi-regex
2159 silly ADD node_modules/@githubnext/github-copilot-cli/node_modules/emoji-regex
2160 silly ADD node_modules/@githubnext/github-copilot-cli/node_modules/safe-buffer
2161 silly ADD node_modules/@githubnext/github-copilot-cli/node_modules/util-deprecate
2162 silly ADD node_modules/@githubnext/github-copilot-cli/node_modules/string_decoder
2163 silly ADD node_modules/@githubnext/github-copilot-cli/node_modules/ieee754
2164 silly ADD node_modules/@githubnext/github-copilot-cli/node_modules/base64-js
2165 silly ADD node_modules/@githubnext/github-copilot-cli/node_modules/readable-stream
2166 silly ADD node_modules/@githubnext/github-copilot-cli/node_modules/buffer
2167 silly ADD node_modules/@githubnext/github-copilot-cli/node_modules/bl
2168 silly ADD node_modules/@githubnext/github-copilot-cli/node_modules/color-name
2169 silly ADD node_modules/@githubnext/github-copilot-cli/node_modules/color-convert
2170 silly ADD node_modules/@githubnext/github-copilot-cli/node_modules/is-fullwidth-code-point
2171 silly ADD node_modules/@githubnext/github-copilot-cli/node_modules/astral-regex
2172 silly ADD node_modules/@githubnext/github-copilot-cli/node_modules/ansi-styles
2173 silly ADD node_modules/@githubnext/github-copilot-cli/node_modules/concat-map
2174 silly ADD node_modules/@githubnext/github-copilot-cli/node_modules/balanced-match
2175 silly ADD node_modules/@githubnext/github-copilot-cli/node_modules/brace-expansion
2176 silly ADD node_modules/@githubnext/github-copilot-cli/node_modules/wrappy
2177 silly ADD node_modules/@githubnext/github-copilot-cli/node_modules/path-is-absolute
2178 silly ADD node_modules/@githubnext/github-copilot-cli/node_modules/once
2179 silly ADD node_modules/@githubnext/github-copilot-cli/node_modules/minimatch
2180 silly ADD node_modules/@githubnext/github-copilot-cli/node_modules/inherits
2181 silly ADD node_modules/@githubnext/github-copilot-cli/node_modules/inflight
2182 silly ADD node_modules/@githubnext/github-copilot-cli/node_modules/fs.realpath
2183 silly ADD node_modules/@githubnext/github-copilot-cli/node_modules/glob
2184 silly ADD node_modules/@githubnext/github-copilot-cli/node_modules/mimic-fn
2185 silly ADD node_modules/@githubnext/github-copilot-cli/node_modules/onetime
2186 silly ADD node_modules/@githubnext/github-copilot-cli/node_modules/esprima
2187 silly ADD node_modules/@githubnext/github-copilot-cli/node_modules/big-integer
2188 silly ADD node_modules/@githubnext/github-copilot-cli/node_modules/remove-accents
2189 silly ADD node_modules/@githubnext/github-copilot-cli/node_modules/unload
2190 silly ADD node_modules/@githubnext/github-copilot-cli/node_modules/rimraf
2191 silly ADD node_modules/@githubnext/github-copilot-cli/node_modules/oblivious-set
2192 silly ADD node_modules/@githubnext/github-copilot-cli/node_modules/nano-time
2193 silly ADD node_modules/@githubnext/github-copilot-cli/node_modules/microseconds
2194 silly ADD node_modules/@githubnext/github-copilot-cli/node_modules/js-sha3
2195 silly ADD node_modules/@githubnext/github-copilot-cli/node_modules/detect-node
2196 silly ADD node_modules/@githubnext/github-copilot-cli/node_modules/match-sorter
2197 silly ADD node_modules/@githubnext/github-copilot-cli/node_modules/broadcast-channel
2198 silly ADD node_modules/@githubnext/github-copilot-cli/node_modules/@babel/runtime
2199 silly ADD node_modules/@githubnext/github-copilot-cli/node_modules/shell-quote
2200 silly ADD node_modules/@githubnext/github-copilot-cli/node_modules/js-tokens
2201 silly ADD node_modules/@githubnext/github-copilot-cli/node_modules/react-is
2202 silly ADD node_modules/@githubnext/github-copilot-cli/node_modules/loose-envify
2203 silly ADD node_modules/@githubnext/github-copilot-cli/node_modules/wcwidth
2204 silly ADD node_modules/@githubnext/github-copilot-cli/node_modules/stdin-discarder
2205 silly ADD node_modules/@githubnext/github-copilot-cli/node_modules/log-symbols
2206 silly ADD node_modules/@githubnext/github-copilot-cli/node_modules/is-unicode-supported
2207 silly ADD node_modules/@githubnext/github-copilot-cli/node_modules/is-interactive
2208 silly ADD node_modules/@githubnext/github-copilot-cli/node_modules/thenify-all
2209 silly ADD node_modules/@githubnext/github-copilot-cli/node_modules/object-assign
2210 silly ADD node_modules/@githubnext/github-copilot-cli/node_modules/any-promise
2211 silly ADD node_modules/@githubnext/github-copilot-cli/node_modules/mime-db
2212 silly ADD node_modules/@githubnext/github-copilot-cli/node_modules/@colors/colors
2213 silly ADD node_modules/@githubnext/github-copilot-cli/node_modules/redeyed
2214 silly ADD node_modules/@githubnext/github-copilot-cli/node_modules/ansicolors
2215 silly ADD node_modules/@githubnext/github-copilot-cli/node_modules/supports-hyperlinks
2216 silly ADD node_modules/@githubnext/github-copilot-cli/node_modules/node-emoji
2217 silly ADD node_modules/@githubnext/github-copilot-cli/node_modules/cli-table3
2218 silly ADD node_modules/@githubnext/github-copilot-cli/node_modules/cardinal
2219 silly ADD node_modules/@githubnext/github-copilot-cli/node_modules/ci-info
2220 silly ADD node_modules/@githubnext/github-copilot-cli/node_modules/safer-buffer
2221 silly ADD node_modules/@githubnext/github-copilot-cli/node_modules/iconv-lite
2222 silly ADD node_modules/@githubnext/github-copilot-cli/node_modules/chardet
2223 silly ADD node_modules/@githubnext/github-copilot-cli/node_modules/yoctocolors-cjs
2224 silly ADD node_modules/@githubnext/github-copilot-cli/node_modules/strip-ansi
2225 silly ADD node_modules/@githubnext/github-copilot-cli/node_modules/rxjs
2226 silly ADD node_modules/@githubnext/github-copilot-cli/node_modules/run-async
2227 silly ADD node_modules/@githubnext/github-copilot-cli/node_modules/mute-stream
2228 silly ADD node_modules/@githubnext/github-copilot-cli/node_modules/cli-width
2229 silly ADD node_modules/@githubnext/github-copilot-cli/node_modules/@inquirer/figures
2230 silly ADD node_modules/@githubnext/github-copilot-cli/node_modules/@inquirer/external-editor
2231 silly ADD node_modules/@githubnext/github-copilot-cli/node_modules/cli-spinners
2232 silly ADD node_modules/@githubnext/github-copilot-cli/node_modules/escape-string-regexp
2233 silly ADD node_modules/@githubnext/github-copilot-cli/node_modules/lodash.isequal
2234 silly ADD node_modules/@githubnext/github-copilot-cli/node_modules/figures
2235 silly ADD node_modules/@githubnext/github-copilot-cli/node_modules/arr-rotate
2236 silly ADD node_modules/@githubnext/github-copilot-cli/node_modules/prop-types
2237 silly ADD node_modules/@githubnext/github-copilot-cli/node_modules/convert-to-spaces
2238 silly ADD node_modules/@githubnext/github-copilot-cli/node_modules/restore-cursor
2239 silly ADD node_modules/@githubnext/github-copilot-cli/node_modules/yoga-layout-prebuilt
2240 silly ADD node_modules/@githubnext/github-copilot-cli/node_modules/ws
2241 silly ADD node_modules/@githubnext/github-copilot-cli/node_modules/wrap-ansi
2242 silly ADD node_modules/@githubnext/github-copilot-cli/node_modules/widest-line
2243 silly ADD node_modules/@githubnext/github-copilot-cli/node_modules/type-fest
2244 silly ADD node_modules/@githubnext/github-copilot-cli/node_modules/string-width
2245 silly ADD node_modules/@githubnext/github-copilot-cli/node_modules/stack-utils
2246 silly ADD node_modules/@githubnext/github-copilot-cli/node_modules/stack-utils/node_modules/escape-string-regexp
2247 silly ADD node_modules/@githubnext/github-copilot-cli/node_modules/slice-ansi
2248 silly ADD node_modules/@githubnext/github-copilot-cli/node_modules/signal-exit
2249 silly ADD node_modules/@githubnext/github-copilot-cli/node_modules/scheduler
2250 silly ADD node_modules/@githubnext/github-copilot-cli/node_modules/react-reconciler
2251 silly ADD node_modules/@githubnext/github-copilot-cli/node_modules/patch-console
2252 silly ADD node_modules/@githubnext/github-copilot-cli/node_modules/lodash
2253 silly ADD node_modules/@githubnext/github-copilot-cli/node_modules/is-ci
2254 silly ADD node_modules/@githubnext/github-copilot-cli/node_modules/indent-string
2255 silly ADD node_modules/@githubnext/github-copilot-cli/node_modules/code-excerpt
2256 silly ADD node_modules/@githubnext/github-copilot-cli/node_modules/cli-truncate
2257 silly ADD node_modules/@githubnext/github-copilot-cli/node_modules/cli-cursor
2258 silly ADD node_modules/@githubnext/github-copilot-cli/node_modules/cli-boxes
2259 silly ADD node_modules/@githubnext/github-copilot-cli/node_modules/auto-bind
2260 silly ADD node_modules/@githubnext/github-copilot-cli/node_modules/ansi-escapes
2261 silly ADD node_modules/@githubnext/github-copilot-cli/node_modules/ansi-escapes/node_modules/type-fest
2262 silly ADD node_modules/@githubnext/github-copilot-cli/node_modules/module-details-from-path
2263 silly ADD node_modules/@githubnext/github-copilot-cli/node_modules/cjs-module-lexer
2264 silly ADD node_modules/@githubnext/github-copilot-cli/node_modules/acorn-import-attributes
2265 silly ADD node_modules/@githubnext/github-copilot-cli/node_modules/acorn
2266 silly ADD node_modules/@githubnext/github-copilot-cli/node_modules/ms
2267 silly ADD node_modules/@githubnext/github-copilot-cli/node_modules/debug
2268 silly ADD node_modules/@githubnext/github-copilot-cli/node_modules/agent-base
2269 silly ADD node_modules/@githubnext/github-copilot-cli/node_modules/dunder-proto
2270 silly ADD node_modules/@githubnext/github-copilot-cli/node_modules/math-intrinsics
2271 silly ADD node_modules/@githubnext/github-copilot-cli/node_modules/has-symbols
2272 silly ADD node_modules/@githubnext/github-copilot-cli/node_modules/gopd
2273 silly ADD node_modules/@githubnext/github-copilot-cli/node_modules/get-proto
2274 silly ADD node_modules/@githubnext/github-copilot-cli/node_modules/function-bind
2275 silly ADD node_modules/@githubnext/github-copilot-cli/node_modules/es-object-atoms
2276 silly ADD node_modules/@githubnext/github-copilot-cli/node_modules/es-define-property
2277 silly ADD node_modules/@githubnext/github-copilot-cli/node_modules/call-bind-apply-helpers
2278 silly ADD node_modules/@githubnext/github-copilot-cli/node_modules/has-tostringtag
2279 silly ADD node_modules/@githubnext/github-copilot-cli/node_modules/get-intrinsic
2280 silly ADD node_modules/@githubnext/github-copilot-cli/node_modules/es-errors
2281 silly ADD node_modules/@githubnext/github-copilot-cli/node_modules/delayed-stream
2282 silly ADD node_modules/@githubnext/github-copilot-cli/node_modules/mime-types
2283 silly ADD node_modules/@githubnext/github-copilot-cli/node_modules/hasown
2284 silly ADD node_modules/@githubnext/github-copilot-cli/node_modules/es-set-tostringtag
2285 silly ADD node_modules/@githubnext/github-copilot-cli/node_modules/combined-stream
2286 silly ADD node_modules/@githubnext/github-copilot-cli/node_modules/asynckit
2287 silly ADD node_modules/@githubnext/github-copilot-cli/node_modules/shimmer
2288 silly ADD node_modules/@githubnext/github-copilot-cli/node_modules/async-listener
2289 silly ADD node_modules/@githubnext/github-copilot-cli/node_modules/stack-chain
2290 silly ADD node_modules/@githubnext/github-copilot-cli/node_modules/emitter-listener
2291 silly ADD node_modules/@githubnext/github-copilot-cli/node_modules/async-hook-jl
2292 silly ADD node_modules/@githubnext/github-copilot-cli/node_modules/yargs
2293 silly ADD node_modules/@githubnext/github-copilot-cli/node_modules/parse5-htmlparser2-tree-adapter
2294 silly ADD node_modules/@githubnext/github-copilot-cli/node_modules/parse5-htmlparser2-tree-adapter/node_modules/parse5
2295 silly ADD node_modules/@githubnext/github-copilot-cli/node_modules/parse5
2296 silly ADD node_modules/@githubnext/github-copilot-cli/node_modules/mz
2297 silly ADD node_modules/@githubnext/github-copilot-cli/node_modules/highlight.js
2298 silly ADD node_modules/@githubnext/github-copilot-cli/node_modules/proxy-from-env
2299 silly ADD node_modules/@githubnext/github-copilot-cli/node_modules/form-data
2300 silly ADD node_modules/@githubnext/github-copilot-cli/node_modules/follow-redirects
2301 silly ADD node_modules/@githubnext/github-copilot-cli/node_modules/@opentelemetry/resources
2302 silly ADD node_modules/@githubnext/github-copilot-cli/node_modules/@opentelemetry/resources/node_modules/@opentelemetry/semantic-conventions
2303 silly ADD node_modules/@githubnext/github-copilot-cli/node_modules/require-in-the-middle
2304 silly ADD node_modules/@githubnext/github-copilot-cli/node_modules/import-in-the-middle
2305 silly ADD node_modules/@githubnext/github-copilot-cli/node_modules/@opentelemetry/api-logs
2306 silly ADD node_modules/@githubnext/github-copilot-cli/node_modules/@opentelemetry/sdk-trace-web
2307 silly ADD node_modules/@githubnext/github-copilot-cli/node_modules/@opentelemetry/sdk-trace-web/node_modules/@opentelemetry/resources
2308 silly ADD node_modules/@githubnext/github-copilot-cli/node_modules/@opentelemetry/sdk-trace-web/node_modules/@opentelemetry/sdk-trace-base
2309 silly ADD node_modules/@githubnext/github-copilot-cli/node_modules/@opentelemetry/sdk-trace-web/node_modules/@opentelemetry/core
2310 silly ADD node_modules/@githubnext/github-copilot-cli/node_modules/@opentelemetry/instrumentation
2311 silly ADD node_modules/@githubnext/github-copilot-cli/node_modules/@typespec/ts-http-runtime
2312 silly ADD node_modules/@githubnext/github-copilot-cli/node_modules/https-proxy-agent
2313 silly ADD node_modules/@githubnext/github-copilot-cli/node_modules/http-proxy-agent
2314 silly ADD node_modules/@githubnext/github-copilot-cli/node_modules/@azure/logger
2315 silly ADD node_modules/@githubnext/github-copilot-cli/node_modules/@azure/core-tracing
2316 silly ADD node_modules/@githubnext/github-copilot-cli/node_modules/tslib
2317 silly ADD node_modules/@githubnext/github-copilot-cli/node_modules/@azure/core-util
2318 silly ADD node_modules/@githubnext/github-copilot-cli/node_modules/@azure/abort-controller
2319 silly ADD node_modules/@githubnext/github-copilot-cli/node_modules/diagnostic-channel-publishers
2320 silly ADD node_modules/@githubnext/github-copilot-cli/node_modules/diagnostic-channel
2321 silly ADD node_modules/@githubnext/github-copilot-cli/node_modules/diagnostic-channel/node_modules/semver
2322 silly ADD node_modules/@githubnext/github-copilot-cli/node_modules/continuation-local-storage
2323 silly ADD node_modules/@githubnext/github-copilot-cli/node_modules/cls-hooked
2324 silly ADD node_modules/@githubnext/github-copilot-cli/node_modules/@opentelemetry/semantic-conventions
2325 silly ADD node_modules/@githubnext/github-copilot-cli/node_modules/@opentelemetry/sdk-trace-base
2326 silly ADD node_modules/@githubnext/github-copilot-cli/node_modules/@opentelemetry/sdk-trace-base/node_modules/@opentelemetry/semantic-conventions
2327 silly ADD node_modules/@githubnext/github-copilot-cli/node_modules/@opentelemetry/core
2328 silly ADD node_modules/@githubnext/github-copilot-cli/node_modules/@opentelemetry/core/node_modules/@opentelemetry/semantic-conventions
2329 silly ADD node_modules/@githubnext/github-copilot-cli/node_modules/@opentelemetry/api
2330 silly ADD node_modules/@githubnext/github-copilot-cli/node_modules/@microsoft/applicationinsights-web-snippet
2331 silly ADD node_modules/@githubnext/github-copilot-cli/node_modules/@azure/opentelemetry-instrumentation-azure-sdk
2332 silly ADD node_modules/@githubnext/github-copilot-cli/node_modules/@azure/opentelemetry-instrumentation-azure-sdk/node_modules/@opentelemetry/core
2333 silly ADD node_modules/@githubnext/github-copilot-cli/node_modules/@azure/core-rest-pipeline
2334 silly ADD node_modules/@githubnext/github-copilot-cli/node_modules/@azure/core-auth
2335 silly ADD node_modules/@githubnext/github-copilot-cli/node_modules/zustand
2336 silly ADD node_modules/@githubnext/github-copilot-cli/node_modules/uuid
2337 silly ADD node_modules/@githubnext/github-copilot-cli/node_modules/use-zustand
2338 silly ADD node_modules/@githubnext/github-copilot-cli/node_modules/ts-dedent
2339 silly ADD node_modules/@githubnext/github-copilot-cli/node_modules/tough-cookie
2340 silly ADD node_modules/@githubnext/github-copilot-cli/node_modules/tiny-invariant
2341 silly ADD node_modules/@githubnext/github-copilot-cli/node_modules/simple-update-notifier
2342 silly ADD node_modules/@githubnext/github-copilot-cli/node_modules/simple-update-notifier/node_modules/semver
2343 silly ADD node_modules/@githubnext/github-copilot-cli/node_modules/semver
2344 silly ADD node_modules/@githubnext/github-copilot-cli/node_modules/react-query
2345 silly ADD node_modules/@githubnext/github-copilot-cli/node_modules/react-dom
2346 silly ADD node_modules/@githubnext/github-copilot-cli/node_modules/react-devtools-core
2347 silly ADD node_modules/@githubnext/github-copilot-cli/node_modules/radash
2348 silly ADD node_modules/@githubnext/github-copilot-cli/node_modules/ora
2349 silly ADD node_modules/@githubnext/github-copilot-cli/node_modules/ora/node_modules/ansi-regex
2350 silly ADD node_modules/@githubnext/github-copilot-cli/node_modules/ora/node_modules/restore-cursor
2351 silly ADD node_modules/@githubnext/github-copilot-cli/node_modules/ora/node_modules/strip-ansi
2352 silly ADD node_modules/@githubnext/github-copilot-cli/node_modules/ora/node_modules/cli-cursor
2353 silly ADD node_modules/@githubnext/github-copilot-cli/node_modules/marked-terminal
2354 silly ADD node_modules/@githubnext/github-copilot-cli/node_modules/marked-terminal/node_modules/ansi-escapes
2355 silly ADD node_modules/@githubnext/github-copilot-cli/node_modules/marked
2356 silly ADD node_modules/@githubnext/github-copilot-cli/node_modules/inquirer
2357 silly ADD node_modules/@githubnext/github-copilot-cli/node_modules/inquirer/node_modules/buffer
2358 silly ADD node_modules/@githubnext/github-copilot-cli/node_modules/inquirer/node_modules/log-symbols
2359 silly ADD node_modules/@githubnext/github-copilot-cli/node_modules/inquirer/node_modules/is-unicode-supported
2360 silly ADD node_modules/@githubnext/github-copilot-cli/node_modules/inquirer/node_modules/is-interactive
2361 silly ADD node_modules/@githubnext/github-copilot-cli/node_modules/inquirer/node_modules/chalk
2362 silly ADD node_modules/@githubnext/github-copilot-cli/node_modules/inquirer/node_modules/bl
2363 silly ADD node_modules/@githubnext/github-copilot-cli/node_modules/inquirer/node_modules/ora
2364 silly ADD node_modules/@githubnext/github-copilot-cli/node_modules/ink-text-input
2365 silly ADD node_modules/@githubnext/github-copilot-cli/node_modules/ink-text-input/node_modules/type-fest
2366 silly ADD node_modules/@githubnext/github-copilot-cli/node_modules/ink-text-input/node_modules/chalk
2367 silly ADD node_modules/@githubnext/github-copilot-cli/node_modules/ink-spinner
2368 silly ADD node_modules/@githubnext/github-copilot-cli/node_modules/ink-select-input
2369 silly ADD node_modules/@githubnext/github-copilot-cli/node_modules/ink-divider
2370 silly ADD node_modules/@githubnext/github-copilot-cli/node_modules/react
2371 silly ADD node_modules/@githubnext/github-copilot-cli/node_modules/ink
2372 silly ADD node_modules/@githubnext/github-copilot-cli/node_modules/ink/node_modules/chalk
2373 silly ADD node_modules/@githubnext/github-copilot-cli/node_modules/immer
2374 silly ADD node_modules/@githubnext/github-copilot-cli/node_modules/get-stream
2375 silly ADD node_modules/@githubnext/github-copilot-cli/node_modules/commander
2376 silly ADD node_modules/@githubnext/github-copilot-cli/node_modules/cli-highlight
2377 silly ADD node_modules/@githubnext/github-copilot-cli/node_modules/cli-highlight/node_modules/chalk
2378 silly ADD node_modules/@githubnext/github-copilot-cli/node_modules/chalk
2379 silly ADD node_modules/@githubnext/github-copilot-cli/node_modules/axios
2380 silly ADD node_modules/@githubnext/github-copilot-cli/node_modules/axios/node_modules/agent-base
2381 silly ADD node_modules/@githubnext/github-copilot-cli/node_modules/axios/node_modules/https-proxy-agent
2382 silly ADD node_modules/@githubnext/github-copilot-cli/node_modules/applicationinsights
2383 verbose cwd /data/data/com.termux/files/home
2384 verbose os Linux 6.6.82-android15-8-o-ged152594afc4-4k
2385 verbose node v26.3.1
2386 verbose npm  v11.17.0
2387 notice
2387 notice New [31mmajor[39m version of npm available! [31m11.17.0[39m -> [34m12.0.1[39m
2387 notice Changelog: [34mhttps://github.com/npm/cli/releases/tag/v12.0.1[39m
2387 notice To update run: [4mnpm install -g npm@12.0.1[24m
2387 notice  { force: true, Symbol(proc-log.meta): true }
2388 verbose exit 0
2389 info ok
